-0,507792238;-1,292782889;-0,142126386;-0,928488733;-0,139182557;0,79751653;1,769538323;-0,14688972;-0,141786012;-0,137082479;-0,1375873;-0,141815486;-0,020562411;-0,132658264;-0,016642669;0,927659752;-0,141998759;-0,146570665;-0,888554475;-0,745550627;0,273696831;-0,373352366;-0,144216715;-0,082661022;-0,139963774;0,681303319;-0,143283664;-0,142696372;-0,142771045;0,484921082;-0,145153476;0,607888882;0,147037358;-0,459783474;0,428794361;-0,146761326;-1,709421951;-0,311550683;-0,018703323;-0,1437582;-0,110909733;-0,145428747;-0,79920899;-0,1371888;-0,146148767;-0,140776368;-0,13801998;1,332170254;-0,115198147;1,018098228;-0,146660705;0,816966591;-0,582739872;1,520483886;1,145770295;-0,997190302;-1,181704569;-0,02185488;-0,137517659;-0,129387282;-0,138840936;-0,140861695;0,531125267;-0,143135354;-0,118814567;0,713538138;-0,143386771;0,662535089;-0,615349779;-0,219692342;-0,065989162;-0,144740753;0,578442312;-0,713234754;-0,140999788;-0,139055011;-0,080384059;0,036927195;-0,140458235;0,159615282;0,010115309;-0,106213782;-0,144810541;-0,944962374;1,078387906;-0,191997659;0,758454238;-1,23350767;-0,699986995;-0,144852914;-0,137601141;-0,144026015;0,600936721;-0,136647739;-0,061059948;-0,13967601;-0,224330624;-0,14287316;-0,388711844;0,314542783;0,611095253;-1,860849097;-0,613111825;-1,170698536;-0,142759745;-0,087989299;-0,136979496;-0,284912136;0,646340656;0,273549234;-0,144856183;0,79236063;-0,259582214;-0,087966419;-0,136232327;-0,147688418;-0,14598254;-0,156396452;-0,145799281;0,040374942;-0,146517031;-0,145993284;-0,056448036;-0,073177418;-0,791790778;-0,410443838;-0,166601051;-0,138386332;0,048469761;-0,155527491;-0,108893235;-0,145693524;-0,142963905;0,204696985;-0,459829091;-0,565099722;-0,145955752;-0,142953908;-0,435621859;-0,141334518;-0,142962663;-0,13204059;0,409925568;-0,148269238;-0,010062093;0,314151818;-1,343610446;-0,140108546;0,292473481;-0,145654095;0,557343031;0,12498253;-1,018530531;-0,137271325;1,036196555;-0,047032516;-0,232164349;-0,040105171;0,305404556;-0,510097952;-1,298618825;-0,667075786;0,954955038
-0,373929072;0,236275885;-0,08209463;0,67124472;-0,085976051;-0,54175497;-0,331985221;-0,080875018;-0,08655561;-0,079154582;-0,08183908;-0,085750206;-0,351938469;-1,062439715;0,441171236;0,761715927;-0,078011404;-0,084126504;-0,507501534;0,320607789;1,670979181;-0,949577344;-0,08133567;0,006186793;-0,080142681;-0,596007608;-0,085087798;-0,082311478;-0,087112407;-0,628946761;-0,086247492;-0,576445506;0,896878208;-0,199616872;-0,665244;-0,080935445;0,392176851;-0,251279649;0,000592243;-0,083975741;-0,062469521;-0,08786982;0,24396877;-0,085162187;-0,078825984;-0,083895384;-0,084061947;-0,531434822;-0,065809071;0,59623827;-0,085746634;-1,142651939;0,402543811;-1,749744647;-0,799591;0,598339441;-1,075872543;0,843805839;-0,082865088;0,085120533;-0,077548445;-0,083761103;-1,336559994;-0,080103806;-0,623758588;0,39241748;-0,082896177;-0,216596012;-0,010823854;-0,504166872;-0,101946731;-0,081775471;-0,816955479;0,555869774;-0,077860886;-0,086051423;-0,040989308;-0,177601287;-0,08368037;-0,667977476;0,031181237;-0,057102742;-0,078446507;0,89165524;-0,123460731;-0,782195457;0,533903338;0,541918454;0,229626194;-0,076260723;-0,075848298;0,092904199;0,775383568;-0,079492043;-0,044200517;-0,076791219;-0,042828515;-0,079605671;0,46586337;0,002225341;0,432456809;0,31851322;-0,423492609;-0,709296399;-0,081346302;-0,010750736;-0,084437076;0,148167596;1,680711001;-0,580495906;-0,077355908;-0,26312984;-0,226221462;-0,034367111;-0,083844647;-0,079927091;-0,082026829;-0,029580234;-0,07778903;-0,458091548;-0,086699327;-0,086086683;-0,085751475;-0,050605256;-0,509204685;0,70923644;-0,137494027;-0,086115583;1,766622659;-0,191035973;-0,06669155;-0,079784206;-0,08263671;-0,601972583;-1,542730294;-0,75885645;-0,085377107;-0,084413982;-0,330568521;-0,083589959;-0,087026688;-0,083771894;-0,766070652;-0,084316298;-0,409080633;0,063400991;-1,431446322;-0,082828569;0,461238469;-0,087203776;-0,77184752;-0,548501687;-1,330349544;-0,077861957;-0,283726743;-0,029015056;-0,241805138;-0,025396671;-0,67334643;-0,033031601;0,279580245;0,921848723;-0,68858225
-0,320207283;-0,468162251;-0,088270671;0,724985139;-0,088986202;-0,691255841;-0,535582398;-0,088030086;-0,084914176;-0,086989568;-0,079768002;-0,088195926;0,043995009;-0,197146501;0,126077791;-0,851793817;-0,080233489;-0,078290663;-0,206708225;0,010191847;-0,522770341;-0,465028539;-0,079651644;0,001227262;-0,087337089;0,426362591;-0,083466572;-0,079808477;-0,084194908;-0,478811225;-0,081176373;-0,783538286;-0,753122195;-0,389813954;0,002433116;-0,086383218;0,5969226;0,225776019;0,181903096;-0,0867164;-0,071040767;-0,081418335;0,918462269;-0,086868135;-0,090421432;-0,078955985;-0,087520488;-0,603692002;-0,074544487;0,305396939;-0,08552282;0,974023391;-0,900172986;0,489374402;-0,398854715;-0,395526023;-0,167078227;-0,421994407;-0,089855475;-0,033865019;-0,07983026;-0,089390971;-0,761411574;-0,089781174;-0,022560496;0,515921614;-0,087040668;-0,890018989;1,398438777;0,316453625;-0,098956759;-0,087115139;0,498522947;-0,811276849;-0,089662634;-0,083197795;-0,046122258;-0,110935816;-0,090061703;0,012506217;-0,126782285;-0,086756059;-0,083112406;0,92832547;1,230053533;-0,867373909;0,764748451;-1,085998291;0,823751879;-0,080162705;-0,078858267;-0,216921388;0,67536914;-0,088843362;-0,04308063;-0,09024587;-0,013217804;-0,086834138;-0,562466786;-1,355315751;0,832687491;-0,471362738;-0,84590013;-0,934927544;-0,080831568;-0,083967286;-0,087879093;0,044231933;0,961160606;0,538054531;-0,082207877;0,044135352;-0,718254017;-0,047085357;-0,087967768;-0,089406493;-0,082897897;-0,176837066;-0,083213778;-0,670673151;-0,085847402;-0,080784045;0,015336323;-0,053513859;0,828111574;0,301626897;-0,024383902;-0,088092985;-0,888576234;-0,151915578;-0,07480154;-0,081049545;-0,089698952;-0,632641947;-0,974618682;0,436932693;-0,086283571;-0,082544091;-0,384962764;-0,080872381;-0,082228443;-0,076047437;-0,833410822;-0,085497901;-0,453814263;0,065566382;0,052637885;-0,085859536;0,295887022;-0,08427904;1,242887052;0,32374149;-0,401078508;-0,078862607;-0,85332276;-0,024952997;-0,034979453;-0,025614677;-1,01367558;0,039834716;-0,609967852;-0,062577643;0,992702519
-0,479689403;0,325602291;-0,08385028;0,056976489;-0,092052965;-0,328406791;-0,950215506;-0,084404454;-0,088275328;-0,084232309;-0,090371667;-0,089584348;0,055654783;0,395054547;-0,256375477;0,819972549;-0,094259493;-0,0853807;-0,902631237;-1,124559286;1,114784072;0,081565144;-0,089716559;-0,036901432;-0,088235725;0,602453563;-0,08269908;-0,088986447;-0,084408228;-1,179381647;-0,085907944;-1,162721107;0,454825652;0,830829329;1,138160037;-0,091163957;-0,896055604;-0,444292684;-0,041949428;-0,095770678;-0,07301098;-0,094417252;0,743345795;-0,084174685;-0,085393554;-0,091939011;-0,086301831;-0,9305316;-0,075041758;-1,31277117;-0,085256987;-0,421858443;0,67070114;-0,395501924;-0,466024223;-0,795250061;-1,159645819;0,685639012;-0,095121532;-0,026582787;-0,092723883;-0,091516047;-0,64692272;-0,090906484;-0,524735481;0,46746473;-0,087617129;-1,178625072;-0,671633151;-0,959179873;-0,001839713;-0,093032901;0,367861729;-0,304203987;-0,084908388;-0,084427347;-0,051937493;0,184010327;-0,091651746;0,274316256;-0,057789927;-0,027096986;-0,083869119;-0,685436113;0,005304998;-1,145887401;0,64301913;-0,992626565;-0,761109747;-0,092210939;-0,083231406;0,08476383;0,990563324;-0,084572246;-0,023390518;-0,09510465;-0,161599382;-0,089253605;-0,607276079;0,493187554;0,713227277;0,997317759;-0,188371221;0,991685266;-0,088584233;-0,03525322;-0,092980568;-0,004269867;0,39556405;0,289090201;-0,087824222;0,178022309;-0,651500238;-0,055755915;-0,087478788;-0,086335017;-0,091876635;-0,042781689;-0,088263306;-1,456867044;-0,086186305;-0,088079677;0,138708375;-0,036836493;0,368221533;0,919751864;-0,242745917;-0,093157675;-1,036254439;-0,236645661;-0,074519631;-0,088382279;-0,091267671;0,222449916;0,793696576;-0,345616439;-0,086934229;-0,089157541;-0,3864711;-0,08697313;-0,084338451;-0,08329197;0,001484736;-0,094825487;0,209139127;-0,445541385;-1,441414924;-0,088162556;0,193803963;-0,093959636;0,514574643;-0,171432373;0,548970631;-0,086371958;0,150705057;-0,026972411;-0,956115908;-0,040559612;1,32176761;-0,199917522;0,505177505;-0,612202774;-0,558128007
-0,451625633;0,356138852;-0,099153343;0,573645307;-0,097734547;0,284176546;0,023700973;-0,103022794;-0,096806968;-0,106308456;-0,097455205;-0,10207671;-0,028569281;-0,894425333;-0,800723174;-0,97176597;-0,099143808;-0,096827217;-0,934374999;-0,432514409;0,281429412;0,005453395;-0,104614023;-0,034277527;-0,098749822;0,12040334;-0,097479123;-0,103762598;-0,095381827;-0,913158918;-0,103833211;0,551727591;-0,04836297;-0,755813117;-0,846839194;-0,099557884;-0,645478393;-0,428519403;-0,780206482;-0,095741988;-0,07292139;-0,095734687;-0,617193196;-0,094929535;-0,098460975;-0,101004498;-0,106006883;-0,666727095;-0,062980735;0,595366767;-0,101627514;1,234280012;0,856612768;0,470523913;-0,695042395;0,19033561;0,485606951;1,126464277;-0,102397923;0,018576159;-0,103642557;-0,101846634;0,677438411;-0,103495037;0,453511971;0,239637858;-0,105640662;0,007145034;-0,42059855;0,078882276;-0,045913631;-0,098297618;-0,579598106;0,991577386;-0,099915804;-0,093471099;-0,05565743;-0,334923851;-0,10212651;-1,015526827;-0,522612965;-0,050813932;-0,105496905;-0,303005832;0,740495199;-0,581582754;-0,904081881;-0,685063914;-0,338219901;-0,096814089;-0,103999873;-0,038790277;0,426963645;-0,095347608;-0,04288098;-0,1017023;-0,098271869;-0,102989165;0,346097102;0,318723477;0,742062571;-0,554587321;-0,032595246;0,272338977;-0,100534762;-0,0535681;-0,09615507;-0,510225207;-0,171729262;0,451293812;-0,106162449;-0,845437948;-0,450459815;-0,085591226;-0,093892367;-0,103695017;-0,104010149;-0,19168513;-0,09831006;-0,982869598;-0,105317584;-0,099227345;-0,104408531;-0,076528667;-1,162729866;-0,492337928;-0,272380618;-0,095338316;0,471778728;0,621270878;-0,081973045;-0,104636133;-0,100152653;0,517875064;0,518762508;-0,033688105;-0,105955085;-0,106612492;0,379095424;-0,105713358;-0,094396254;-0,087911579;0,082548213;-0,101733786;0,225673397;-0,821035674;0,488558897;-0,095251039;-0,74337633;-0,09799628;1,079251365;0,141643279;0,694322565;-0,099914376;0,872905771;-0,038921605;0,611611348;-0,023553444;0,331883819;0,157365224;-0,028147188;-0,782828844;-0,729567991
-0,528532566;-0,031951544;-0,119072026;-0,086835777;-0,118284352;-0,667984422;0,400588279;-0,111186284;-0,11159283;-0,118181128;-0,116303588;-0,112981147;-0,052625826;0,848194583;0,1143162;0,217378009;-0,112203557;-0,112536292;-0,666525006;1,253697123;-0,047562561;0,985151002;-0,119380229;-0,074581805;-0,113428913;-1,43286116;-0,110319499;-0,112825642;-0,110026537;0,917475154;-0,117347369;0,694895619;0,545456756;0,907867373;0,83211017;-0,112278849;-0,746877568;-0,26581267;0,194381232;-0,113196694;-0,089312047;-0,112715877;-0,731085024;-0,116664299;-0,113812884;-0,113753966;-0,110266699;0,030743311;-0,088495658;-0,764609416;-0,111197851;-0,588873309;1,020657168;0,46229187;-1,193430436;-1,152995367;-0,201784075;0,918501206;-0,110900784;-0,187716164;-0,109874396;-0,110865829;-0,571361946;-0,118613228;-0,705241123;0,080513945;-0,111899651;0,121787249;-0,729843041;-0,418883264;-0,073156516;-0,116887436;0,521432326;1,157109041;-0,108736176;-0,110514897;-0,080629797;-0,006068119;-0,111414009;0,26448125;0,134931717;-0,112834732;-0,113651867;-0,879990086;-0,275902361;0,703788659;-0,05675828;1,643029448;-0,627421131;-0,117692389;-0,116992238;0,231127676;-1,341566363;-0,119056942;-0,049413243;-0,112064616;-0,10352526;-0,109432343;0,248508001;0,231509565;-0,651165054;-1,509877504;-0,744524856;0,048863994;-0,11246433;-0,009507116;-0,112723498;0,117163807;-0,717237439;0,609536534;-0,113830244;0,247466843;0,059330862;-0,069447891;-0,11433655;-0,119078184;-0,111928702;-0,077135164;-0,114709013;0,845182997;-0,118711044;-0,119227383;-0,088872671;-0,046519624;-0,488637367;0,344827479;-0,08429493;-0,11999629;0,531752855;-0,794919188;-0,090356906;-0,120287998;-0,108979519;0,694355201;0,366775284;0,388026034;-0,112827313;-0,111634281;-0,635650141;-0,118135315;-0,11081507;-0,111468213;-0,609499462;-0,118013883;0,283367351;-0,183889074;-0,716944249;-0,109451191;-0,49071031;-0,112563306;-0,92018787;0,623352512;-0,532006571;-0,115969987;0,738235125;-0,02973141;-0,566544121;-0,039316979;0,068047812;-0,319947384;0,390217587;-1,051071622;-0,710749418
-0,294452172;0,6082768;-0,079293671;0,793584092;-0,082325877;-0,826268073;0,819411193;-0,081678225;-0,07967637;-0,078201609;-0,079930863;-0,082115237;-0,035908328;-0,823373105;-0,533676525;0,466804926;-0,081642763;-0,083107664;0,264281224;-0,883627501;-0,418528064;-1,266775835;-0,073323341;-0,011626439;-0,083069099;0,806810747;-0,078354965;-0,077866859;-0,073393155;0,644680451;-0,071752047;0,387411768;0,303213506;0,532107773;-1,134530349;-0,076630433;-1,002038098;-0,029424004;-0,436797839;-0,082129281;-0,048789816;-0,081099712;-1,250387975;-0,079527958;-0,077084795;-0,069997291;-0,083397383;0,512139182;-0,056738142;-0,277479564;-0,080264417;-0,992323547;-0,183524218;-0,399369011;1,18079821;1,131782754;-0,533625889;0,614373529;-0,072742829;-0,149193146;-0,078633592;-0,075717062;-0,127759701;-0,073871941;-0,716507149;-0,457238007;-0,080014883;-0,120314258;-0,539368457;0,074183977;-0,038888998;-0,081828452;0,254920875;-0,857820683;-0,074443596;-0,067592775;-0,03809914;0,078365052;-0,076436744;-0,298125768;0,231440715;-0,070349601;-0,079433677;-0,443626985;-0,853860547;0,375981271;-1,257919959;1,225494001;-0,841051531;-0,071836919;-0,076709787;-0,473136803;1,150349775;-0,075150356;-0,035820315;-0,081961701;-0,090383919;-0,072890894;0,346880779;-0,359736957;0,83541658;0,281691301;0,652620937;0,01061837;-0,079113896;-0,072421941;-0,073420421;0,255900852;-0,788640087;-1,095117574;-0,075024722;-0,423845989;-0,779024581;-0,05423411;-0,076761722;-0,079140441;-0,077410118;-0,013204586;-0,081799158;0,527010615;-0,07507956;-0,077787103;-0,16787408;-0,036294786;-1,305636286;-0,815516549;0,108855675;-0,072969775;0,20667626;-0,916768859;-0,056820649;-0,074693975;-0,074909949;-1,236254326;-0,793893074;-0,191892042;-0,083241781;-0,07443416;0,134124399;-0,078847879;-0,082189713;-0,075251801;0,452449115;-0,082087175;0,23943776;0,208355485;-1,012908313;-0,072021916;-1,220608583;-0,079826261;0,781461586;0,837340857;-0,834807613;-0,07760404;0,797297659;-0,033764093;-0,70490828;-0,042545982;1,026423839;-0,183929078;0,485346495;-0,346330037;-0,819379505
-0,440373427;0,484417369;-0,096481776;-1,017774899;-0,096098234;-0,458424553;-0,424497139;-0,103556524;-0,10112654;-0,102418227;-0,098719913;-0,102317137;0,044468212;0,704761288;-0,237032074;-1,583584074;-0,102522778;-0,09838327;-0,986131266;0,75347924;0,410605914;1,237110232;-0,103234803;-0,046944015;-0,105883715;0,825519676;-0,098676514;-0,096181184;-0,100706257;-0,622873553;-0,103285482;-0,236555978;-0,548658957;-0,266667019;-0,3741283;-0,10140305;1,038865262;-0,543044004;0,212659458;-0,102966574;-0,080603746;-0,095735483;0,687517916;-0,103669856;-0,095540459;-0,093431715;-0,102745116;-0,770940237;-0,080392349;0,528321612;-0,104757364;-0,178981806;0,007696278;-0,043261647;-0,784681875;-0,962018497;1,037537689;-0,846986879;-0,104231642;-0,005351192;-0,10314466;-0,100986127;-0,850247131;-0,096726981;-0,320237561;0,425728269;-0,10008906;0,644649878;-0,763502168;-0,056859652;-0,103778938;-0,097470831;-0,42641704;0,796214072;-0,096714766;-0,100313985;-0,072062968;-0,133391479;-0,098180278;-0,112760934;-0,099518301;-0,105165501;-0,094751586;0,60110799;-0,579181778;-1,120840766;1,15885722;-0,727718132;0,741793828;-0,093037197;-0,099351749;-0,255111602;-0,58747332;-0,099744035;-0,040317681;-0,095364481;-0,096719395;-0,096895785;0,481090728;0,20129956;-1,102558076;0,390932275;-1,178385875;0,013487751;-0,09119935;-0,040220595;-0,098523853;0,024285955;-0,082657648;0,385350709;-0,096176738;0,479283315;-0,374926355;-0,058563297;-0,090968234;-0,100059885;-0,103817477;-0,084208063;-0,09439456;-0,382482585;-0,098499;-0,099887491;-0,02948321;-0,03975659;-1,152275904;0,349709303;-0,309079013;-0,10512367;-1,359333141;-0,314776334;-0,076778872;-0,106112154;-0,101255498;0,605379355;-0,593464368;0,110643788;-0,102129543;-0,096267201;-0,872097326;-0,094492844;-0,103516609;-0,094049068;-0,551866068;-0,101333894;-0,323451473;-0,924014633;0,741913501;-0,098755253;0,452509696;-0,102573751;-1,123113424;0,510206616;0,477090515;-0,102091609;0,861420062;-0,043855511;0,389309667;-0,023561564;1,449862038;0,099200123;-0,170440669;-0,340218624;-0,91690119
-0,598625611;-0,062967719;-0,130631636;0,358866629;-0,132837433;-0,389148498;0,267874808;-0,133067805;-0,125286093;-0,122656006;-0,128052358;-0,130315572;-0,080012736;-0,251187441;0,257014347;-0,930075594;-0,122200178;-0,129515828;0,067275889;-0,863280894;0,522819614;-0,741186973;-0,130905878;-0,145013005;-0,130631755;0,134436735;-0,132505022;-0,13188803;-0,124130436;-0,563279402;-0,132863203;1,125221283;-0,101544863;1,271788805;0,729711814;-0,122719994;-0,760363597;-0,259817548;0,096615731;-0,127502651;-0,096241094;-0,121754735;-1,220088334;-0,130117501;-0,132505898;-0,120598882;-0,122846642;0,473596593;-0,102993108;1,096852319;-0,128247537;-0,947022448;-0,640768752;0,308303752;1,053305372;-0,997160648;-0,100927978;-0,796484663;-0,127817725;-0,166421567;-0,126165625;-0,125447812;-0,757734513;-0,128067795;0,771457912;-0,383314363;-0,132369214;-0,715516878;1,407453499;-0,347000338;-0,046122449;-0,130107385;-0,182227595;-0,891468409;-0,120917379;-0,127744059;-0,068941592;-0,000489085;-0,12192717;0,328023035;-0,014237673;-0,067809453;-0,128727392;0,789656186;-0,912882276;0,753542405;-0,887826144;-1,411661679;-0,766694786;-0,130365931;-0,121904832;-0,08326976;0,775727457;-0,126476368;-0,050967309;-0,129092519;-0,086548093;-0,127782706;0,406906642;0,835932579;1,143442226;-0,835767403;1,294660294;-0,321842302;-0,120277895;-0,090310857;-0,129823447;-0,191651355;-0,819460194;1,073229381;-0,123550691;-1,281834414;-0,732392577;-0,095442026;-0,124724026;-0,129500625;-0,123539936;-0,110771977;-0,130757094;-1,099321679;-0,127179781;-0,130762985;-0,153152727;-0,075415297;0,365202441;-0,505856182;-0,057406187;-0,131780472;0,94381041;1,056127033;-0,095065124;-0,123714169;-0,130033041;0,576313501;0,242770434;-0,451322792;-0,125929157;-0,12610676;-0,918178834;-0,125173354;-0,123072652;-0,118527704;0,883358194;-0,124113177;-0,139503294;-0,178580989;-1,292451289;-0,126490914;0,399456098;-0,124495083;-1,382954619;1,277953578;1,071625977;-0,13030921;-1,634876119;-0,046190983;0,918067061;-0,053927726;0,406728823;-0,180400722;0,867952774;0,079450152;0,096727464
-0,39275421;0,378850642;-0,09230666;-0,836259325;-0,080402403;0,89115454;1,285570942;-0,088008901;-0,081981746;-0,089777238;-0,086222568;-0,091939905;0,065334412;-0,736891268;-0,590698967;-0,658213743;-0,087053005;-0,084111528;-1,163247326;-0,849343407;0,34723078;0,739776812;-0,082669618;-0,02932703;-0,093148281;-0,836499599;-0,078917611;-0,084340589;-0,081337693;-0,500145499;-0,09087762;-1,117472331;0,107083566;-0,692812856;-0,25935195;-0,084361054;-1,268771567;-0,158022821;-0,313774669;-0,084865049;-0,063803349;-0,083486617;0,33807865;-0,089280798;-0,082621733;-0,087983198;-0,084537317;-0,063965569;-0,074192376;-1,405469936;-0,08546081;-0,048368043;-0,608105578;0,379875004;-1,287276437;0,316251505;-0,99535076;-0,170425576;-0,087950531;-0,199307442;-0,089519956;-0,089327678;-0,342060358;-0,091943494;-0,81067359;-1,370592536;-0,0819265;-0,144785186;1,687982747;-0,733306842;-0,023017254;-0,081387765;-0,110064289;1,019604127;-0,087981973;-0,078421812;-0,048126261;0,089508049;-0,0906309;0,057869097;-0,042359592;-0,047214971;-0,088686472;1,146954256;0,593357865;0,099977372;0,593633432;-0,860991465;-0,876839239;-0,086042317;-0,081998184;-0,388058735;0,836127018;-0,089052785;-0,034700435;-0,082484309;-0,057985994;-0,080507999;1,121217238;0,410901839;-1,212662927;-0,212529295;0,21257314;-0,926649943;-0,086543012;-0,072475284;-0,088743156;0,331870885;1,413979799;0,654859314;-0,081091006;-0,204274351;-0,346819495;-0,058090109;-0,086827643;-0,083946711;-0,092194109;0,042031404;-0,088584457;0,791120303;-0,088721046;-0,083380132;-0,027989232;-0,058783405;0,522298997;-0,202527585;-0,152401299;-0,088515732;-0,519191736;-0,725228399;-0,062760578;-0,08298549;-0,089151027;-0,091032637;-0,816656274;0,279948307;-0,080901916;-0,083796625;-0,199527396;-0,084226021;-0,080672884;-0,084936584;-0,668215389;-0,085135596;-0,06583032;0,133755454;-1,188341765;-0,084934845;-0,180587049;-0,091906883;-0,759695791;0,799763882;0,200583015;-0,081813818;0,89264053;-0,040337758;0,307605679;-0,033061208;0,349880032;0,076668586;0,916667269;0,334397787;0,70479071
-0,5844339;-0,574784034;-0,106367797;0,495685719;-0,111673826;0,943757051;0,17382926;-0,116351291;-0,104331387;-0,107023574;-0,107592009;-0,110815444;-0,220753582;0,650820696;-0,85174518;0,908683495;-0,105435567;-0,107765004;-0,887296553;-0,778759168;-0,793204672;0,882539155;-0,105979643;-0,086955279;-0,113589138;0,121481767;-0,111222017;-0,109391796;-0,113685644;0,885597682;-0,111539645;0,914104499;0,289333615;-0,210926689;-0,712813621;-0,115424221;-0,872410506;-0,05295423;0,041362835;-0,116395182;-0,08834724;-0,115326303;0,813463342;-0,108547852;-0,107505273;-0,11261172;-0,10688389;0,187422911;-0,078374496;0,137586527;-0,114430017;-0,748016334;0,71170376;-0,984829845;-1,264923018;-0,068576465;-0,164870005;0,658771984;-0,11278665;-0,006485339;-0,106825102;-0,10592135;0,69212692;-0,11536521;-0,956636863;-0,755651787;-0,109617069;-0,497915326;-0,117576348;-0,325034838;-0,116088548;-0,111356181;-0,778911048;0,897150903;-0,105251984;-0,109711914;-0,072402192;-0,037315492;-0,113083186;-0,665371852;-0,374684215;-0,060712922;-0,110062175;0,527048038;-0,138559785;-0,932313308;0,432588148;0,316116367;0,548016999;-0,108893903;-0,108759706;-0,397182705;0,585722158;-0,107433732;-0,046817407;-0,105551064;0,006907611;-0,109885591;-0,867500814;-0,176804689;0,594487429;-0,507007859;-0,761342181;-0,922773045;-0,106860403;-0,129467561;-0,109620494;-0,032869272;0,407712583;-0,898210968;-0,111804949;-0,06470044;-0,004476766;-0,049283634;-0,108897541;-0,10535897;-0,107808747;0,05407079;-0,114093139;0,944701526;-0,108975202;-0,111564263;-0,421321401;-0,077772638;0,918703655;-0,651624147;0,048269696;-0,11518951;0,174091626;0,491084254;-0,082048363;-0,108747998;-0,115622032;-0,638925434;0,991069024;-0,058967514;-0,107318868;-0,113456517;0,336537831;-0,112075642;-0,106547265;-0,099247874;-0,092770838;-0,110055249;0,264980788;-0,270955393;-0,772873658;-0,110721878;0,350190661;-0,117103968;0,411755418;-0,123308604;-1,077802499;-0,10573226;-0,697177213;-0,032986068;0,731720457;-0,041310641;0,624478418;0,074854578;-0,118701222;0,175691662;-0,492797615
-0,409262207;0,169643972;-0,107445158;-0,772678429;-0,107118502;-1,34253447;0,505613535;-0,10926593;-0,108517236;-0,107724728;-0,112451143;-0,11376345;-0,062182507;-0,254893094;0,73142268;-0,380261017;-0,107093395;-0,106848184;1,012612768;-0,324246642;0,255728363;-1,264629107;-0,103233524;-0,096144533;-0,105076384;-2,013603638;-0,107886862;-0,112393613;-0,107077364;-0,385196798;-0,106526664;0,902838067;-0,670070983;-0,550966144;0,526111645;-0,109623928;-0,94731244;-0,005480193;-0,10926355;-0,110375652;-0,092158589;-0,108966091;1,695073047;-0,112895823;-0,105599345;-0,103071706;-0,11445271;0,395870002;-0,088496563;1,551944708;-0,114177215;-0,612323815;-0,67543967;-0,641129018;-0,493213175;0,713958202;-0,814814597;-0,469448927;-0,112409057;-0,26738027;-0,106672378;-0,109506791;-0,988241524;-0,114772862;-1,047961493;-0,570365131;-0,115053868;0,593016695;-1,176503163;0,293065893;-0,107725328;-0,114281029;-0,885007327;-0,469415338;-0,10869132;-0,113035695;-0,079294418;-0,167909249;-0,111535523;-0,130284122;-0,123102233;-0,085231637;-0,104916988;0,723387993;0,472939639;-0,823530693;-1,401922426;0,856139215;-0,827405239;-0,105956599;-0,106648431;0,09074393;0,906631515;-0,110759078;-0,034653443;-0,110350659;-0,044081961;-0,109065942;-0,789346866;0,678625027;-0,642979229;0,427530549;-1,24237097;0,667192534;-0,11161715;-0,014673004;-0,10852366;-0,298954984;1,186057674;-0,97677991;-0,107326138;-0,964062875;-0,452475547;-0,057418425;-0,104409544;-0,103358776;-0,111826443;-0,201691534;-0,113021587;0,424255683;-0,108542314;-0,114384602;0,045848266;-0,061953193;0,533437459;1,287047492;-0,042376137;-0,109489889;-1,163404584;1,169202207;-0,082174613;-0,10695712;-0,112331168;1,129533948;-0,68260394;0,303252542;-0,110591534;-0,114199156;-0,078707103;-0,110120985;-0,111646444;-0,10066464;1,038127192;-0,105330652;-0,140670951;0,074227992;-0,239866732;-0,103888988;1,227469628;-0,108520707;1,407534846;0,578463531;-1,128234084;-0,113961819;-0,882776957;-0,036375058;-0,288991865;-0,030450631;0,83402062;-0,144522838;0,078865335;-0,481785497;1,064031892
-0,513669029;0,512644915;-0,097806575;-0,597418928;-0,100936765;-0,611927154;-0,495827884;-0,093480094;-0,093607886;-0,094280601;-0,095980378;-0,091782093;-0,110825825;-0,345026635;-0,05473314;1,23356779;-0,094851476;-0,092416488;0,717453025;1,278118144;0,260642713;-0,927456199;-0,095574186;-0,153080866;-0,098297342;0,630509583;-0,0998904;-0,096185286;-0,0982308;0,732248065;-0,101388426;-0,814610638;-0,329788542;1,165992701;0,373330197;-0,093166495;-0,089515791;-0,132489548;-0,52944999;-0,092349572;-0,069182217;-0,097276876;-0,974968985;-0,092806898;-0,098543474;-0,090766571;-0,093909304;-1,166136547;-0,062098057;0,812447222;-0,09524582;0,986422065;-0,985888348;-1,218933304;0,191971915;-0,585623409;0,029058416;0,291733727;-0,092062813;0,21342479;-0,096795013;-0,0977299;1,059973468;-0,099001698;0,344369649;-0,456107774;-0,095613562;-0,157015006;-0,403504552;-0,109520173;-0,086562075;-0,091316755;0,129450102;-0,397663984;-0,09769725;-0,095758227;-0,057995781;0,065953921;-0,090277465;-0,307864857;-0,02388509;-0,072274174;-0,091299183;-1,132174286;0,734157741;-1,450507327;0,344543015;0,837223762;0,598005308;-0,091333053;-0,098877497;-0,256427247;-1,180181707;-0,098353522;-0,03515985;-0,100651032;-0,075658406;-0,090846093;0,580848334;0,57316234;0,98420134;0,604953867;-0,28083755;0,414629071;-0,091120764;-0,093062555;-0,090860857;-0,139327414;-0,565472941;0,662600544;-0,099506397;1,080945516;0,652189717;-0,065186828;-0,095463764;-0,091321477;-0,096336783;-0,240425783;-0,09263986;-1,67377459;-0,09415299;-0,09936337;-0,32908806;-0,06919904;-0,329165345;-1,306993443;-0,119484806;-0,099851767;0,523197065;-0,444185218;-0,071801141;-0,100051826;-0,094083782;-1,460819486;-0,590842566;-0,177667078;-0,100443079;-0,097880655;-1,198110114;-0,099980776;-0,09499346;-0,093606416;-1,375810709;-0,099507776;-0,202013688;-0,907600569;1,172886297;-0,08844237;-0,530447825;-0,098115707;1,139426194;0,458646281;-0,654949131;-0,093707268;0,836131984;-0,032855665;0,098540058;-0,021500242;-0,443706186;0,002137044;-0,901939406;-0,43590598;0,43187557
-0,519535816;-0,302830735;-0,10145521;-0,929378576;-0,101427006;1,072045149;0,864363116;-0,105819375;-0,103698658;-0,104100777;-0,105550661;-0,098285541;-0,171771865;0,056438718;-0,305793071;-0,44270494;-0,098781266;-0,100364048;-1,009949103;-0,84868782;0,277640753;-0,37388475;-0,103294035;-0,101181297;-0,10193648;-0,90962937;-0,106565209;-0,100440389;-0,098419306;0,810999213;-0,102833321;-0,401091029;0,554630581;-0,791044793;0,888314773;-0,098982773;0,770409475;-0,008786767;-0,328195001;-0,102561121;-0,080054023;-0,104400591;0,380123397;-0,10491377;-0,10591131;-0,106646237;-0,107754209;1,337119945;-0,081745761;-0,666144022;-0,098540484;0,358604952;-0,515514387;-0,533013157;-0,598952898;-1,036239175;0,744872429;-0,401521054;-0,104423916;0,134970844;-0,106136129;-0,096665809;0,964077778;-0,106389985;0,506650969;0,556548511;-0,098940483;-0,245732282;-0,774385439;-0,436006489;-0,022155565;-0,104657171;-1,985401392;-0,853504374;-0,099173291;-0,098496206;-0,063443828;0,140622322;-0,107972488;0,048944587;0,185134694;-0,053139386;-0,102483814;-0,938046748;1,09556868;-0,121286898;0,987821897;1,423982425;-0,101121602;-0,099744434;-0,101788973;0,041006281;-1,322888439;-0,106614835;-0,059400685;-0,102761244;-0,100156472;-0,096664343;-1,061569042;-0,266145955;-0,368428819;0,932404267;-0,077480721;-1,63539274;-0,099325976;-0,031887294;-0,103163221;-0,301864314;-0,668678545;0,858359005;-0,108752309;-0,324502197;-0,36467433;-0,061065522;-0,102549505;-0,101371212;-0,107640468;-0,062979206;-0,106660046;0,596428826;-0,100810765;-0,104745433;-0,190564656;-0,04473367;-1,035595719;-0,394308166;-0,041120632;-0,100579673;0,427870175;-0,834853462;-0,07874809;-0,101237887;-0,104033983;0,523749287;-0,564333253;-0,89371988;-0,106419745;-0,105943409;0,689222941;-0,10052851;-0,10511358;-0,093677526;0,636721671;-0,10100376;-0,137166505;-0,323869838;1,509254876;-0,097793115;1,353370929;-0,09735366;0,502302255;0,274170124;-0,616417718;-0,097847806;-2,210460801;-0,030392876;-1,161777733;-0,030005356;-1,392095703;-0,257188184;1,01880344;-0,192741116;0,432965524
-0,564782291;0,368984024;-0,137178073;0,275776089;-0,132817169;-1,078147067;-1,308493497;-0,129516984;-0,134848249;-0,135326859;-0,132079027;-0,13315624;-0,099960108;-0,165793731;-0,730852397;-0,700014479;-0,130317802;-0,127830523;0,571661354;0,897240679;-0,952302554;-1,182150458;-0,12920291;-0,170822555;-0,132654183;-0,285768441;-0,142827278;-0,134541507;-0,134701636;-0,845492832;-0,138076723;0,861825391;-1,448112947;0,720039507;-0,024703637;-0,133296258;1,294323492;0,01309698;-0,084081527;-0,133614825;-0,103475192;-0,128875989;1,369106182;-0,127940618;-0,128374797;-0,13662152;-0,129643351;0,378701152;-0,102904837;0,536218503;-0,136894907;-0,641327016;1,012410939;-0,992309442;0,518437764;0,863234309;0,333402463;-1,134169457;-0,133242907;-0,084320184;-0,134737912;-0,126733089;0,101000236;-0,138039232;1,059686272;0,114202569;-0,136745042;1,447564474;-0,756074895;-0,004142285;-0,070993755;-0,126000081;1,178099679;-0,629276451;-0,129864784;-0,122586138;-0,073590736;0,109181815;-0,135987093;-0,14962468;-0,076370693;-0,061884753;-0,134857764;0,922370805;0,138202979;1,031337255;-1,129590287;0,796786407;-0,053685672;-0,129407022;-0,131101371;-0,157354432;0,507667901;-0,131294806;-0,047543523;-0,128323986;-0,033754679;-0,134602973;-1,278403936;-0,252431328;0,958918476;-0,706204646;0,1483529;0,388352982;-0,133418419;-0,066903255;-0,127879826;-0,075930831;-0,846738815;-1,105331349;-0,133039061;-1,281372168;0,807480958;-0,09289419;-0,135807468;-0,137306851;-0,128764366;-0,055310712;-0,133116596;0,448664556;-0,127449299;-0,135556457;-0,319754563;-0,087095916;0,69163034;-0,535645099;0,035293993;-0,135975658;0,358149541;1,824881241;-0,104168779;-0,128970897;-0,127232515;-0,929833133;-0,729172004;0,803154849;-0,128405111;-0,126738783;0,129357575;-0,134010198;-0,128692163;-0,121972898;-0,454352251;-0,128288357;0,070267996;-0,328079209;-0,226501791;-0,129937306;-0,532293136;-0,127274373;-0,957655983;0,496584121;-0,550037143;-0,136832003;-0,30089395;-0,039318937;-0,24761302;-0,052520594;-1,436448539;0,138776241;-0,16746747;-1,01157157;0,573060847
-0,483399204;1,20941198;-0,121635157;0,731462913;-0,120241418;-1,076178759;0,214246665;-0,118453702;-0,121042927;-0,124587448;-0,123320292;-0,120542085;-0,250547033;0,881145774;-0,779025493;-0,615327206;-0,11895536;-0,118566037;0,467405744;0,770494134;-0,371221535;-1,155134193;-0,115926646;-0,073557462;-0,125685694;0,62664845;-0,129685462;-0,126511842;-0,116447156;1,323831255;-0,127798378;0,104622058;0,540146002;0,854206018;-0,555120334;-0,119983244;1,02712308;-0,031954525;0,293524979;-0,126732932;-0,088103548;-0,124701561;-0,562845728;-0,127294842;-0,117268182;-0,11701055;-0,128448335;0,367795944;-0,087760527;0,877182624;-0,126358736;-1,304244611;-1,176351394;-0,017586739;0,704811814;-1,307800697;0,132192533;0,039985077;-0,122734171;-0,082183697;-0,122507493;-0,117143254;-0,40083948;-0,127878073;0,200023194;-0,458716161;-0,121660017;0,164519354;0,92112133;0,041962537;-0,180945703;-0,118745296;-0,739433425;0,13686913;-0,122772118;-0,113927783;-0,101857268;-0,199933975;-0,117660629;-0,202433611;-0,034069641;-0,119401802;-0,123899958;0,899714027;0,037134918;-1,523314082;-0,763421315;0,843362543;-0,648748489;-0,122428475;-0,124759959;-0,497047608;-0,467108798;-0,125389424;-0,066547301;-0,127785381;-0,001888925;-0,125543774;1,201805581;-1,384091939;-0,822174873;-0,306341709;-1,057536862;0,784770554;-0,117669859;-0,112149402;-0,119831084;-0,217726586;-1,14831416;-0,671712599;-0,119462804;1,303750386;0,965646168;-0,083701748;-0,122239476;-0,117931669;-0,119278338;0,060043908;-0,121553394;0,344808459;-0,128027682;-0,122259949;-0,458572035;-0,052119538;1,282274604;0,690081534;0,111611176;-0,120809646;-0,287738111;-1,269908551;-0,089644536;-0,1207788;-0,127465174;-1,272710074;-1,163609123;-0,491859527;-0,123364979;-0,121390247;0,01809066;-0,120778457;-0,116929679;-0,11920421;-0,871737574;-0,120689562;-0,648117472;-0,216754732;0,19372178;-0,118719995;1,034927337;-0,117429889;-0,54531931;-1,211748876;0,444878542;-0,122362008;-0,88055917;-0,040179886;-0,094347981;-0,04972093;0,87154012;-0,057773438;1,024776977;-0,402502505;0,161566856
-0,289336874;0,226312511;-0,102321399;-1,319246589;-0,102193939;0,819099496;-0,981015212;-0,104691609;-0,098943154;-0,096074812;-0,10084185;-0,100797547;-0,018684416;1,226934963;0,475735733;0,085291388;-0,104525155;-0,105290703;-0,15630275;-1,196460753;-0,632616104;1,626553143;-0,097797275;-0,106019669;-0,103564609;0,876265609;-0,092597772;-0,09650635;-0,097105475;0,924613724;-0,098451532;-0,471256995;0,752586469;0,871763218;-1,759966298;-0,098019352;1,060361557;-0,17040949;-0,199221755;-0,100317365;-0,082630107;-0,102680526;0,035225883;-0,101826999;-0,104191613;-0,104306865;-0,09816438;-1,443579205;-0,073556552;0,358686353;-0,098187204;-2,085337903;-0,313106157;0,190091644;0,584275908;0,988145237;-0,778113366;-1,162968221;-0,09995456;-0,1838262;-0,101032436;-0,097821471;-0,95315256;-0,105040818;-1,89162033;0,381186594;-0,10382119;0,795201096;-0,067750335;-0,575475645;-0,026778295;-0,100735168;0,318812595;-0,891552285;-0,097484411;-0,097912685;-0,053532503;0,082233589;-0,100093225;-0,597336373;-0,055666653;-0,067773838;-0,100364189;0,358970478;-0,22698928;0,273420166;0,786696633;-0,80865265;1,293972386;-0,10200672;-0,100442256;-0,095197169;-0,377677465;-0,098130312;-0,039127836;-0,095145598;-0,04855736;-0,104693677;-0,914821894;-0,569767213;0,00159552;-0,44960813;-0,069388171;0,38904472;-0,103139989;-0,070535185;-0,096821008;-0,128284104;0,355158439;-0,703617268;-0,095445445;1,117560129;0,05609001;-0,070801072;-0,102686748;-0,100580899;-0,101318051;-0,158055135;-0,099994298;0,237099366;-0,098656334;-0,099693732;0,157300476;-0,064955;-0,764415611;-0,713597186;-0,228850879;-0,100128008;0,699850083;-0,504965314;-0,086925688;-0,105013879;-0,104298896;1,223286083;-0,455270683;0,070636667;-0,104675025;-0,095504787;0,226931287;-0,103123158;-0,097074252;-0,09558334;-0,036583795;-0,097523234;0,020436292;-0,647498876;-0,163657037;-0,094009444;-0,19786959;-0,095618959;1,026543508;-1,197292841;-0,302290469;-0,095668695;1,063980709;-0,029491706;0,654444635;-0,023274953;-1,073607022;0,171886535;0,616048359;0,224510142;-0,909637974
-0,659874474;-0,605778013;-0,125842005;0,687089169;-0,124950908;0,705679518;1,096862436;-0,123243145;-0,124025496;-0,129612508;-0,124783603;-0,127073883;0,068506341;0,379189471;-0,415559531;-1,001872134;-0,121273964;-0,130032481;0,619642332;-0,396664812;-1,1000232;0,267058073;-0,122373437;-0,12535603;-0,128960517;0,39672178;-0,11936153;-0,127799219;-0,12432641;1,010356579;-0,129178896;-0,027174616;-0,116833398;-0,807151288;0,888207041;-0,11875762;-0,502997261;-0,032813685;0,256549436;-0,124222042;-0,094159993;-0,121031251;-0,815577922;-0,12811774;-0,125360383;-0,118830902;-0,121830668;-0,024355888;-0,091252839;-1,631746818;-0,127806007;-0,753989385;-1,037304661;0,279854926;0,51356401;0,429787412;0,670021463;-0,241285022;-0,122691232;-0,589847707;-0,132281791;-0,121310347;0,500737308;-0,124482498;-0,300259432;-0,373889518;-0,127003835;0,169509207;0,509249154;-0,868114447;-0,076161198;-0,130630131;-0,063817495;-0,484586665;-0,129665655;-0,118070727;-0,044330164;0,096373534;-0,125538867;0,227918119;-0,394255908;-0,096936914;-0,130473175;-1,060851512;1,505884268;0,090452848;-0,884403022;-0,973504759;-0,754041675;-0,118483402;-0,126567942;-0,377969926;0,784954614;-0,13222027;-0,041805958;-0,124012047;-0,088735497;-0,127074229;-1,014680459;-1,361181958;-0,935033001;0,895259622;-1,014533075;0,812758007;-0,128181254;-0,111218463;-0,129997048;-0,563230674;-0,158949039;1,557974249;-0,128892551;0,505034589;-0,034201611;-0,100972879;-0,127710342;-0,126517261;-0,125071162;-0,043581474;-0,12619494;-0,08231548;-0,124500098;-0,128554873;0,238498463;-0,07192692;1,046546143;0,392803588;0,025674185;-0,125527694;-0,371848473;0,659132856;-0,096475698;-0,130347389;-0,130352655;0,375735791;0,780433657;0,310617805;-0,121578333;-0,124472074;-0,281129307;-0,128134864;-0,129329696;-0,118634293;0,709946999;-0,121734348;0,455738124;-0,180175359;0,149953829;-0,120485522;-1,258536183;-0,121692477;0,676736965;1,637028725;-1,123090462;-0,127247091;-1,210623127;-0,034874698;-1,157788259;-0,044374182;0,593679246;-0,151623146;-1,541957275;-0,493468907;0,531551473
-0,386713578;0,718918501;-0,102899275;0,911428061;-0,09956674;-0,676618135;-0,790614315;-0,103643413;-0,103878512;-0,102234682;-0,100029431;-0,107312722;-0,313325761;0,30011247;0,133571309;1,700336102;-0,099663691;-0,108324783;-0,298276975;0,438625127;-1,986195556;-0,612796111;-0,105157388;-0,114618403;-0,104563126;-0,398010818;-0,111015573;-0,101819524;-0,098773874;0,154464175;-0,104068718;0,809848459;-1,15101381;-0,430250876;-1,179633018;-0,105445031;0,667382159;-0,115569385;-0,135451494;-0,102987844;-0,082900408;-0,101386009;1,09017137;-0,106336749;-0,099729936;-0,103385489;-0,102316561;-0,350523286;-0,06737535;0,258878767;-0,102965348;2,003052434;-0,087580537;2,094449737;-0,447888266;-0,73499321;0,447805688;0,401547218;-0,101349927;-0,034273864;-0,097315519;-0,100476792;1,739029;-0,107160379;-1,892404555;-0,680636913;-0,107262689;0,061843875;-0,704182496;-0,148420326;-0,060988053;-0,101077911;-0,059746199;0,353567136;-0,106246129;-0,099790788;-0,053728049;-0,111609613;-0,098294838;-0,506013242;0,013858821;-0,059225419;-0,098530842;1,18819815;0,13593602;-0,030950433;-0,278763861;0,527909568;0,245057796;-0,104111398;-0,106788872;-0,246131359;0,201088008;-0,102980125;-0,03259278;-0,106098672;-0,034868728;-0,107579897;-0,349434705;0,348891945;1,235461445;-0,061898616;-0,356868831;-0,563542572;-0,104674603;-0,018834999;-0,106598231;-0,076721392;-1,923471808;-1,053432663;-0,106766086;-0,943716244;-0,503799023;-0,051286483;-0,098303443;-0,104413569;-0,102116932;-0,081408575;-0,103745074;-0,222785901;-0,100799254;-0,104140261;0,074634748;-0,056309828;0,104454958;-0,200615539;-0,1423319;-0,099440789;-2,293099962;-0,837954974;-0,078279525;-0,102167457;-0,101232193;-0,460535666;1,808955564;-0,428800708;-0,101270671;-0,104485113;-0,610903755;-0,107175668;-0,1049536;-0,094190499;-0,936373167;-0,104760108;-0,410517484;-0,257060268;1,498433362;-0,104468295;0,798354571;-0,103296516;-0,93879885;0,141544588;0,959091621;-0,107865749;0,40242776;-0,037582851;-0,962869817;-0,021627687;-0,830653626;-0,125457496;-0,212460262;-0,811086896;-0,532966313
-0,445901746;0,179346181;-0,097487986;-1,412208523;-0,098780973;0,430323366;-0,618114917;-0,093470141;-0,09602441;-0,091577202;-0,09266995;-0,098717387;-0,051799065;0,286024724;-0,109045868;1,26511172;-0,099701845;-0,095263939;-0,709642975;-0,313996581;-1,382366313;0,583040877;-0,09020906;-0,026713688;-0,090228503;0,612597593;-0,089401762;-0,097826173;-0,096415435;1,426754795;-0,095876676;-1,26531834;-0,036384239;-1,249277395;0,374556539;-0,095982388;-0,850811805;-0,252832984;-0,540763561;-0,0970042;-0,070150788;-0,097092435;-0,312850063;-0,100128191;-0,09871076;-0,097680781;-0,089596035;-0,783107207;-0,08048256;0,649800838;-0,092154812;0,708955444;-0,460712562;0,317088074;-0,164776799;0,202469742;0,65613074;-0,714271855;-0,094892648;-0,046334445;-0,098017434;-0,100393482;-1,42994135;-0,097495573;1,019779293;-0,673408815;-0,096884394;-0,717321757;-0,575290218;0,125713139;-0,030948521;-0,089494829;-0,270127683;-0,390689548;-0,089477786;-0,089963806;-0,062324213;0,043688274;-0,098531127;0,274668862;0,135145606;-0,055507699;-0,099679246;0,867929803;-0,551179349;-0,650159143;0,229857626;-0,628315752;-1,351950149;-0,09733319;-0,093580891;0,239186228;1,093050895;-0,088813856;-0,031939157;-0,099719105;-0,225714991;-0,093391267;1,160176647;-1,884306388;0,795814199;0,741465743;-0,690636465;-1,301830277;-0,088459967;-0,025677068;-0,095570675;0,082865495;-0,522667472;0,148689571;-0,093526652;-0,12294446;-0,145108468;-0,07797743;-0,095873346;-0,090130823;-0,089093346;-0,145802819;-0,095941367;-1,270570784;-0,0996361;-0,09255707;0,171979063;-0,038158052;0,534098261;-1,129351057;-0,24664375;-0,099651713;0,670748658;-0,46660531;-0,073895979;-0,093471952;-0,098276607;-0,837486095;0,985755701;-0,342525366;-0,096979715;-0,096250484;0,799967539;-0,096781121;-0,096372223;-0,084003284;0,561877431;-0,088417165;-0,179020632;0,296833936;-0,196182718;-0,093329145;0,741728093;-0,093707732;-0,27872899;-0,586195565;-0,25091651;-0,088594048;0,743370485;-0,029477107;0,401523762;-0,025772133;0,747342833;-0,152969498;0,199022583;0,953969862;-1,006254597
-0,469925616;0,984846184;-0,109312947;0,067152084;-0,101768938;1,307879824;0,603270756;-0,102649512;-0,107118631;-0,099187272;-0,10162747;-0,103665627;-0,117277553;-0,13085363;-0,459044448;-0,00466178;-0,100102736;-0,105109687;0,430264446;0,667476512;-0,486502007;-0,929227229;-0,106326243;-0,081145027;-0,106440768;0,32900015;-0,11604868;-0,106676952;-0,105655504;0,412970882;-0,105891096;0,256552066;1,554061202;1,000676755;-0,315472149;-0,108420251;-1,111930998;0,025981854;0,002524765;-0,101685521;-0,085639849;-0,105169628;-1,342016951;-0,106169975;-0,101447807;-0,100834652;-0,101749667;-0,22882896;-0,070412038;-1,303567618;-0,108491812;0,146299329;1,554021551;-0,39055918;1,428055596;-0,924340287;0,283555012;-1,120930108;-0,107427531;0,007092975;-0,10733366;-0,108822379;0,108878705;-0,110178626;-0,690776493;-0,212385348;-0,100084473;-1,103210669;-0,538647047;0,278911784;-0,084140753;-0,104163708;-0,878853694;-0,596652318;-0,109100085;-0,097323119;-0,066633179;-0,23051405;-0,103697816;-0,204839597;-0,274427432;-0,092538449;-0,099376536;-1,269357794;-0,708126839;-0,87347246;-0,492983759;1,030901691;-0,860207587;-0,098400901;-0,100185442;-0,234792684;-0,007613807;-0,102874903;-0,040938531;-0,100706386;-0,014234336;-0,103463859;-0,86974342;-0,064520232;0,877465758;0,765191588;0,955350749;0,607206535;-0,099539709;-0,00723187;-0,107965079;0,072275062;-0,173968718;-0,92443133;-0,108880727;0,354877029;1,049322195;-0,067127692;-0,104397403;-0,108297003;-0,10387506;0,062734106;-0,10451555;0,777032909;-0,102928593;-0,100913825;-0,064120615;-0,073660732;0,086846467;-0,073538902;0,009450104;-0,109280769;-0,393909723;1,090684244;-0,083628335;-0,103505201;-0,100886666;-1,298479343;1,569215343;-0,996984215;-0,103297717;-0,110040133;-0,59133395;-0,103596639;-0,107374441;-0,10294921;-0,052243661;-0,105128582;0,119609739;-0,20315992;0,310207954;-0,102854141;-0,57633041;-0,103535018;-0,848451379;-0,943144154;0,159298011;-0,108001726;-0,349300489;-0,026644441;-0,108988069;-0,024602126;-0,446780223;0,042466048;-1,158000677;-0,216517805;1,208571822
-0,48540988;-0,536426968;-0,102565678;0,89806978;-0,102985061;-0,476345494;0,306520904;-0,099179056;-0,108492904;-0,108919437;-0,107345304;-0,101446284;-0,174641712;-0,978696896;-0,600605865;0,295590975;-0,099825862;-0,105231944;0,659741005;0,137163963;-0,886441587;0,671008355;-0,107645322;-0,031383148;-0,109816033;-0,809371083;-0,11026577;-0,105244477;-0,103890094;0,602727414;-0,104496408;0,409171902;0,332743804;0,761439973;-0,067217066;-0,101974436;0,568949487;-0,082182014;0,311373827;-0,1026176;-0,083626119;-0,108024872;0,977498636;-0,105211855;-0,100119468;-0,105006833;-0,101625125;-0,027653921;-0,069368892;-0,774190959;-0,10962611;-0,628101678;-0,305410229;-0,606760943;0,802781072;0,514448208;-0,320326344;1,170963304;-0,101062401;-0,071188051;-0,106537693;-0,10455928;-0,857752705;-0,106837594;-0,987616515;0,251814368;-0,109019214;-0,27721255;-0,531424644;0,447928633;-0,199134258;-0,100300847;0,878355769;0,762633913;-0,098279174;-0,097760677;-0,062285531;-0,260669662;-0,103669696;0,410887707;-0,159731133;-0,112263294;-0,101916978;-0,743304321;0,623383143;0,295171778;0,95010918;0,270284512;0,675385815;-0,102643713;-0,103407546;-0,500883947;-1,041823039;-0,108730757;-0,053580165;-0,103156506;-0,009581414;-0,099237674;-0,712044666;0,042450108;0,637946901;-0,929076814;0,717050071;0,270739456;-0,100268931;-0,130170152;-0,102762193;0,041140762;0,341672122;-0,521525267;-0,099924809;-0,91422423;0,928036856;-0,038004827;-0,107408424;-0,106312129;-0,10077143;-0,018745295;-0,109096616;0,406719933;-0,108255729;-0,099436007;-0,330312431;-0,075599535;-0,473841223;-0,393767207;0,092930316;-0,108678958;-0,512687918;-0,803417694;-0,081157362;-0,103875035;-0,108911057;-0,793549441;-0,763273541;-0,89239396;-0,104984173;-0,10369109;-1,044015817;-0,105799278;-0,107013167;-0,098368829;0,483281015;-0,109442049;0,011644759;0,061544286;0,226151861;-0,098628298;-0,052062854;-0,101892849;0,72749294;-0,666461829;-0,643718151;-0,10181505;-1,093139094;-0,040518696;-0,414746844;-0,031949341;-0,707836688;-0,136489757;0,123645224;0,295677205;-0,225364357
-0,470823103;-0,340123061;-0,116905047;-0,530107166;-0,121864308;0,661547408;-0,888824319;-0,126441712;-0,120376694;-0,123541807;-0,117117257;-0,116634836;0,057888196;0,477727162;0,433733068;-0,854704946;-0,123413545;-0,117684709;-0,154019423;0,760658879;0,785424582;1,091061125;-0,123489802;-0,139102299;-0,120308459;0,032465615;-0,125182139;-0,116949438;-0,122261957;-0,953810007;-0,11661938;0,462121849;0,430529014;-0,539655008;0,092898531;-0,122291573;-0,106825406;0,163476563;-0,492951065;-0,120424529;-0,094212121;-0,125529216;0,337665467;-0,128851499;-0,117726529;-0,119281852;-0,122022045;0,393152601;-0,095209633;-0,571700642;-0,128503353;-0,900434188;-0,048573799;-0,831554011;-1,276805991;0,747718594;-0,910244108;-0,41424238;-0,125994445;-0,419455483;-0,125891202;-0,126499236;0,402368459;-0,118880433;0,411320234;-0,709798691;-0,119309704;-1,366008145;1,294286236;-0,402836469;0,002424421;-0,122885073;-1,37220805;-0,888044917;-0,115542432;-0,118386009;-0,062654997;-0,199167772;-0,125351181;-0,063064458;-0,456294936;-0,045663972;-0,120375632;0,573476522;-0,778947281;0,743792944;-0,569014366;-0,092938377;-1,035326808;-0,125807579;-0,120209199;0,037357226;-0,74974808;-0,115596095;-0,05315953;-0,125755426;0,069729014;-0,121575095;-0,693576655;0,638268559;-0,11453565;0,06317626;-1,158022019;-0,130704911;-0,120453671;-0,060878459;-0,127834115;0,278416178;-0,709250654;-0,029577114;-0,122192126;-0,061004107;0,607023369;-0,068911623;-0,114750313;-0,116771061;-0,119716912;-0,119287584;-0,119773045;0,61298521;-0,127088321;-0,121909825;0,026939545;-0,107219016;0,474994573;0,66508188;-0,087819717;-0,121539566;-0,134746773;0,912613798;-0,102399658;-0,123618762;-0,122948185;1,101526381;0,934821679;0,606203539;-0,119270086;-0,124210746;0,266151532;-0,123312779;-0,121015422;-0,111702387;-1,876635904;-0,128458082;0,023255796;-0,175716042;0,179124953;-0,12080945;-0,665684713;-0,122499514;0,040004168;-0,669403298;0,691565237;-0,119752248;-0,254444364;-0,035651096;1,262030341;-0,045872493;1,023649811;0,191772289;-1,580830466;-0,035161914;1,187449351
-0,468763188;-0,730604049;-0,110095374;-0,726258151;-0,115031637;0,581354434;0,120917125;-0,109966042;-0,11649732;-0,111624561;-0,113554922;-0,110331506;-0,053770583;0,007633274;-0,303322144;0,982763451;-0,118634526;-0,116642484;0,631699297;-1,115018279;-0,210410089;0,481625613;-0,110403689;-0,037168283;-0,120833109;-0,970956633;-0,120934527;-0,112175528;-0,111317071;-0,579249986;-0,110845331;-0,184559481;0,664087193;-1,164109374;0,909237947;-0,114567909;-0,714459721;0,061083549;-1,05139291;-0,11737966;-0,095239241;-0,110664128;-0,270593975;-0,113204407;-0,112906205;-0,111454194;-0,118293784;0,356024059;-0,092105589;-0,736799128;-0,118056702;0,162003661;-1,445849362;0,47416497;0,018933407;0,693627262;-1,327340512;1,137725765;-0,113380863;0,096631722;-0,118684101;-0,118078917;0,743984084;-0,115524395;-0,239752009;-0,8867452;-0,117781468;1,228595723;-0,519864341;0,481343863;-0,064697462;-0,11452311;0,895716034;-0,435435302;-0,119884324;-0,111326271;-0,085197114;-0,049039433;-0,112039993;0,105379664;0,020316664;-0,060823907;-0,120663213;-1,242651338;-0,177866754;0,457584378;-1,032697603;0,337412841;-0,309654795;-0,11361956;-0,11846734;-0,154464598;-1,26722178;-0,112115045;-0,045003953;-0,111205033;-0,075682641;-0,112710422;-0,804078534;0,210804674;-1,196902632;-1,132711831;0,813170002;0,115877854;-0,122142334;-0,001482501;-0,11951718;-0,058757784;-0,757023782;0,557206566;-0,112757234;0,555305446;0,258518047;-0,098208385;-0,11508564;-0,116505911;-0,113731574;-0,092874484;-0,119283696;0,465893775;-0,119193996;-0,118068411;-0,02518351;-0,072574608;1,004706324;-1,194481241;-0,053330691;-0,115985101;-0,040968053;0,953935009;-0,093388361;-0,116299395;-0,11799087;0,5354404;1,15396323;0,000649604;-0,118865511;-0,120231227;0,339167269;-0,120896284;-0,114887052;-0,104017175;1,140377868;-0,118167726;0,191906606;0,173910693;0,295214966;-0,118489378;-0,534186098;-0,116176386;-1,041012042;-1,222635887;0,767605116;-0,110549066;0,39590977;-0,023711655;0,160640322;-0,03185442;-1,017174875;-0,092736313;0,731772687;0,164100237;-0,943537369
-0,373113608;1,234410508;-0,068081627;-0,449641254;-0,069779298;-1,487147403;-1,612931576;-0,06430374;-0,06254051;-0,068960436;-0,069312424;-0,06613705;-0,178718916;-0,820327666;0,151231888;0,309801911;-0,061868388;-0,061577077;-1,167026048;-1,391158509;0,685445046;-0,530166948;-0,063876099;-0,002601535;-0,061646883;-1,036363088;-0,067872262;-0,070428048;-0,066591415;-0,235737437;-0,063618985;1,004966626;-1,349198887;-0,748443264;0,944094673;-0,070428143;1,202123419;-0,276912662;-0,240084693;-0,06302708;-0,056573725;-0,071050296;-0,182173422;-0,060176475;-0,070244734;-0,068416752;-0,069779978;-2,106644018;-0,044934513;-1,553232313;-0,066554225;0,926170571;-0,561094187;-1,617291681;-0,356023618;-1,148912701;-0,861925304;-0,357409796;-0,063824732;0,124765848;-0,06761435;-0,06558815;0,203418003;-0,070861622;0,01681718;-0,620444034;-0,063935859;0,369753285;-0,061875378;0,530111227;-0,034873128;-0,064794896;0,361170208;-0,450625418;-0,061070322;-0,062629367;-0,05281861;0,147291446;-0,069086962;0,09067306;0,107095845;-0,07073407;-0,070178547;-0,629970034;-0,702964195;0,896677808;0,136761196;-1,022555053;-0,089850068;-0,061265891;-0,070234191;-0,125797397;-0,636486728;-0,061469143;-0,028577473;-0,070801471;-0,152731091;-0,067814935;1,158324801;0,219032223;-0,040947546;1,102479307;0,579208089;-1,524851562;-0,065222957;-0,049725665;-0,070542577;-0,10054529;0,641502723;0,520710489;-0,071755004;0,364670031;-0,120888275;-0,042873241;-0,065735288;-0,070019453;-0,069461935;-0,042648699;-0,067220873;1,518241834;-0,063148923;-0,063905363;0,042576124;-0,02479838;-0,497565388;-1,327954989;-0,095444121;-0,072178124;-0,154111107;-0,712161339;-0,053568936;-0,065733962;-0,069108962;1,01670594;-0,431063009;0,329879557;-0,069994087;-0,061492202;-0,383234457;-0,064556976;-0,070868344;-0,064531441;1,250723357;-0,060771115;-0,275850637;-0,102547336;-1,783907828;-0,061267624;0,373760822;-0,068162875;0,528511459;0,581775631;-0,672619469;-0,06798037;1,014147574;-0,0326105;0,16320729;-0,016950518;-0,02220924;-0,219846405;-0,305065068;-0,055412442;-1,329895366
-0,245886563;-2,071716898;-0,087671191;0,434176803;-0,09140121;-0,06805081;0,500880077;-0,080345921;-0,086795269;-0,086095539;-0,08997812;-0,08260871;-0,066423975;-0,797764152;-0,172156747;-0,661968068;-0,090254809;-0,089382914;1,017693734;0,733996121;-1,183609447;0,3898768;-0,086876726;-0,065772115;-0,085454275;0,655908027;-0,090742832;-0,079805809;-0,091359052;0,433707646;-0,086312136;0,300526379;-0,957965233;-1,067839259;-0,11492157;-0,08306812;0,957831102;-0,111373891;-0,379772904;-0,085714793;-0,063697938;-0,080911431;-1,719238501;-0,091921512;-0,083582505;-0,079670554;-0,088728756;0,310147341;-0,05956203;0,207850659;-0,081771505;0,046885519;-0,256301783;0,186992366;0,7125885;0,993612964;0,116407296;-0,102658957;-0,083008377;-0,125560771;-0,086070537;-0,089855176;0,105951525;-0,080531557;-0,522947889;-1,460715048;-0,084060564;-1,247740424;1,512349426;0,242897782;-0,085543414;-0,086540545;-0,601169922;-0,045447087;-0,079284849;-0,081073697;-0,042385804;-0,011596724;-0,085113005;-0,167994656;0,108776486;-0,076338357;-0,082672896;0,710330162;-0,351470335;0,857563463;-0,46206582;0,754011195;0,936473147;-0,082608162;-0,081910229;-0,266003888;-0,488268943;-0,082207584;-0,039550693;-0,081523866;-0,001626712;-0,088656787;1,11229768;1,136221264;-1,366145566;0,071355256;-0,202552727;-1,810677383;-0,088256932;-0,042175219;-0,087423609;-0,046401129;0,938596334;-1,181040947;-0,090720192;-0,556744081;-0,856283643;-0,065458718;-0,08645687;-0,085561685;-0,090324618;-0,025451553;-0,08412438;0,713029849;-0,090151033;-0,086309842;-0,282195865;-0,034701471;-1,871524225;0,832771052;0,074197391;-0,079980565;0,308962079;-0,887905622;-0,064894962;-0,084031977;-0,088887932;-0,61524191;0,125461978;0,059949652;-0,081845833;-0,091253956;0,260305314;-0,085780261;-0,080705836;-0,076411564;-0,956527591;-0,084849547;-0,49143774;-0,028361435;-0,353812467;-0,08168559;1,179792551;-0,081096843;-0,897285108;0,983439692;-0,760602494;-0,085753613;-0,482028746;-0,026772387;0,903013726;-0,024355611;0,147455109;-0,02267436;-1,405774872;0,398550323;0,015137533
-0,55182048;-1,17186713;-0,122336606;-0,70498215;-0,118273393;0,525310967;-0,389173936;-0,118523334;-0,11368573;-0,122219402;-0,117787978;-0,118884368;-0,09896652;-0,819316924;0,185675098;-0,335743993;-0,122413709;-0,119132779;-0,621623544;0,762224735;-0,000276867;-0,755657072;-0,118342886;-0,059885851;-0,114459699;0,124330066;-0,116139215;-0,117376623;-0,125978544;-0,375131045;-0,124352653;-0,175119687;0,684098166;-0,305125072;-0,667917247;-0,118931296;0,526878381;0,057698137;-0,233023896;-0,118531086;-0,087513007;-0,120990736;-0,473314834;-0,116738322;-0,123472345;-0,118932173;-0,122249216;-1,137309981;-0,086117159;-0,214343229;-0,122886877;0,538381713;-0,594581222;1,033909248;0,544921844;0,730550105;-0,748297979;-0,519854888;-0,116942404;0,147050763;-0,121986819;-0,113686653;-0,476945496;-0,119474078;0,487918812;0,156406101;-0,124372147;-0,894451968;-0,791974108;0,197350582;0,002563633;-0,116702401;0,364981933;-0,76825377;-0,117287172;-0,123575539;-0,091148575;-0,097096127;-0,124469421;0,264626276;-0,043326151;-0,08779723;-0,116968732;-0,785869797;0,461947158;0,548816885;0,45624155;1,203630379;0,218321096;-0,126271118;-0,117117091;0,061374655;0,658381945;-0,12145462;-0,047057649;-0,114853242;-0,174400952;-0,121123392;0,470464664;-0,265880701;-0,691891157;-1,177465696;0,803874366;0,836312517;-0,116534905;-0,030812873;-0,113046269;-0,036086638;0,539526029;0,654954442;-0,117854306;-1,089718773;-0,472688821;-0,044689342;-0,115248426;-0,120763333;-0,120277562;-0,139456813;-0,118822225;-1,382277898;-0,118236752;-0,119697494;0,085504816;-0,061538886;-0,329797655;1,228894097;0,088090856;-0,117665089;0,176567718;-0,096247043;-0,100273763;-0,115615425;-0,125071402;0,019037093;-0,284759972;-0,364716385;-0,122305801;-0,122275706;-0,332345992;-0,121588897;-0,121023847;-0,115416397;0,937623848;-0,120030895;-0,392153884;0,491440098;-0,14574813;-0,117271958;0,510603628;-0,122576257;0,719350939;0,525577599;-0,664890343;-0,123330472;0,412761845;-0,052103784;-0,515446251;-0,031468113;-0,929273178;-0,426607787;0,602996885;0,220107348;-1,233705505
-0,226560417;0,246146897;-0,065271258;0,370460766;-0,059290396;0,059401244;0,609767201;-0,067565923;-0,063691561;-0,066024063;-0,064307871;-0,070135176;-0,06763986;-0,724443061;-0,134159169;-0,999362109;-0,062771545;-0,070440859;-0,031702843;-1,332490733;0,46434832;1,482328025;-0,061955767;-0,112516866;-0,065237988;0,85532512;-0,070208721;-0,066234138;-0,06055013;-0,371538255;-0,064704106;-1,198549857;0,503442078;0,130638811;-0,636968268;-0,058745444;-1,223901282;-0,003161363;0,11810657;-0,061043741;-0,049218282;-0,059553045;1,162606559;-0,069220929;-0,064346095;-0,05920842;-0,059819182;0,200340021;-0,051349199;-1,615355842;-0,062197097;-0,392855818;-1,135254355;0,2293776;0,457492033;-1,302785755;0,865523136;-0,958225315;-0,061649531;0,070312082;-0,067493122;-0,066499598;-1,143987853;-0,061640719;0,873040861;-0,375268193;-0,064872776;0,831239572;-0,711081456;0,340930825;-0,03492149;-0,059726621;-0,557025194;0,859973493;-0,057483511;-0,062059961;-0,062463645;-0,02121533;-0,062020621;0,444266122;0,038978786;-0,032952618;-0,061039121;1,153680128;-0,360157293;-0,648295058;-0,988229439;1,121053629;1,681696508;-0,060008842;-0,062381875;-0,210089226;0,983946467;-0,067908928;-0,024678401;-0,061707133;0,019203879;-0,064952779;-0,987519892;-1,06640772;-0,834483074;-1,573762145;1,090134117;-0,556745283;-0,065712029;-0,064266907;-0,061410238;0,069541713;0,271158781;-0,957017123;-0,069534897;0,521662064;-0,936400938;-0,0356642;-0,065461035;-0,063539903;-0,058245418;-0,054830437;-0,064827601;-0,425040764;-0,063906979;-0,067015918;-0,215182029;-0,030922293;0,240648699;-1,14971216;0,050826828;-0,059019595;0,311639833;0,993975097;-0,051918343;-0,068244825;-0,059238021;0,327405068;-0,922155268;-0,027989173;-0,06910968;-0,063209716;-0,658718296;-0,065197795;-0,0634916;-0,062749774;0,226442811;-0,064367452;-0,084689939;-0,353299939;0,1382056;-0,06166397;-0,646367779;-0,059530889;-0,843626112;-1,019764122;-1,256780599;-0,060648635;-0,394112578;-0,034980105;-0,826292401;-0,025557704;0,737972548;-0,059068257;-0,844477024;-0,142938541;0,870084716
-0,111465444;-0,014393493;-0,042859944;-0,564087261;-0,052014007;-1,352289815;-0,398182637;-0,046149496;-0,050466101;-0,049568871;-0,044087984;-0,044459214;0,107308414;-0,34079828;-0,429135368;1,327023817;-0,049255093;-0,051815625;0,90197326;0,346568701;-1,881688761;-0,312002254;-0,0491094;0,046363767;-0,049696356;0,967999522;-0,048010334;-0,045577542;-0,043999204;-0,868851962;-0,051543786;-1,484009636;-1,468128707;0,654701718;-0,031046488;-0,041004383;-1,149039097;-0,047598884;-0,165896767;-0,046246794;-0,045374523;-0,045125626;-0,262210341;-0,043850416;-0,045479303;-0,044959581;-0,048118232;0,439468284;-0,032149137;-0,537918347;-0,0420682;-0,813899746;1,445471747;-0,886484536;-1,533423479;0,219366561;-0,008906883;-0,330972558;-0,044714426;-0,195489175;-0,04927882;-0,050257323;-0,679267101;-0,049287356;-1,724212678;-0,390015006;-0,044653797;0,781332685;-0,322527591;0,427945097;-0,032812937;-0,041943053;-0,420264364;-1,446246525;-0,050660618;-0,043871213;-0,032366661;-0,036023391;-0,052335429;-0,428851062;0,067035691;-0,07759189;-0,048579808;1,005246612;0,68043908;0,298278504;1,612634726;-1,330748525;-1,068722545;-0,049717264;-0,039859933;-0,383696185;-1,176155016;-0,044999013;-0,024951836;-0,0418325;-0,083334295;-0,040225197;-0,821610982;0,884763154;0,396422942;0,923642333;0,396803133;0,49896887;-0,04359898;-0,0348319;-0,042751516;0,023569829;-1,027918868;0,734510485;-0,043754492;0,155197641;-0,590792231;-0,068987662;-0,038756893;-0,047586391;-0,052835413;-0,003711786;-0,045592203;0,719413906;-0,047607849;-0,046586855;-0,007900467;-0,018992099;0,804576063;-1,361403493;-0,082962398;-0,044229925;0,489146676;-1,319310135;-0,043691934;-0,050366632;-0,050591765;0,499883087;-0,758635726;-0,288534603;-0,04768434;-0,041912152;0,063918011;-0,045754137;-0,049355642;-0,055509593;0,104483318;-0,043426241;0,158780555;0,004306121;-0,292548934;-0,048015104;0,304694479;-0,05202917;-1,420327711;0,72776465;1,094075323;-0,043915934;-0,518840837;-0,026749493;-0,401669554;-0,019528032;-0,761502401;-0,093063603;-0,55595083;0,77965436;1,160594785
-0,181486803;-0,833188484;-0,058620917;-1,237196027;-0,05128267;-0,174219043;-0,081081247;-0,060957497;-0,0558164;-0,062811775;-0,055042256;-0,054453042;-0,158533626;0,600417501;-0,607620795;-0,009262929;-0,058697794;-0,055704935;-1,471576124;0,084304482;1,0322101;-0,64616059;-0,050586354;0,017988064;-0,058135031;-0,988485092;-0,068165641;-0,056741312;-0,061896445;-0,714841494;-0,060963967;-0,197216938;-0,29429138;-1,10609245;-0,825572142;-0,049194311;-0,167968266;-0,078719362;-0,389398002;-0,057354084;-0,04590797;-0,05814732;0,57100537;-0,060685487;-0,05303815;-0,057788556;-0,056317293;-0,726414371;-0,054037583;-0,170940536;-0,052010856;0,57873017;0,800054838;-0,742675183;-0,390756477;-0,896110909;-0,24631968;-1,22183347;-0,057112072;0,212398206;-0,05623153;-0,06174912;1,220806822;-0,055340441;1,127344579;-0,176083824;-0,060085143;0,087891476;0,923406933;0,191533554;-0,12129846;-0,052616966;0,257270353;1,089568646;-0,050912739;-0,051079238;-0,045248969;-0,444599834;-0,050938265;-0,026173531;-0,143749363;-0,049315071;-0,050637947;-1,329294891;-0,653227718;0,957003817;-0,848552394;0,438649714;-0,178781866;-0,058030706;-0,057797071;-0,475003542;-0,006121916;-0,052751794;-0,017709813;-0,055804117;-0,003358053;-0,051163415;0,540549898;-0,310855205;-1,35310753;-0,068890266;1,067004677;0,376258731;-0,056074451;0,0017075;-0,055579828;0,161041725;-0,66380034;-1,264757505;-0,058454991;0,937989829;0,345160219;-0,053665341;-0,054438015;-0,053354414;-0,052550371;0,009808864;-0,060191448;-0,360506106;-0,055231151;-0,051636081;-0,09194424;-0,054255725;-0,951982831;-0,113252269;-0,043804207;-0,051103761;0,431529806;-0,203832304;-0,045605997;-0,053718633;-0,05144148;-1,130855748;-1,351939216;0,384088919;-0,052818169;-0,054463023;-0,00251557;-0,06006372;-0,058836146;-0,057478193;-0,22710329;-0,05676044;-0,188626659;0,230952641;-0,287361394;-0,051016039;0,89437262;-0,057767879;-0,650527756;-0,657894201;1,029400543;-0,059407692;0,5797495;-0,018218151;0,594068869;-0,024184849;-1,010867982;0,058684579;0,232999287;-1,025572492;0,902750175
-0,546438887;-0,057247086;-0,154957484;-0,687848417;-0,154636858;1,010854212;-1,698670617;-0,156648316;-0,153147085;-0,154501095;-0,155150831;-0,162076923;-0,098459299;0,320288661;-0,604971033;0,436095352;-0,154463559;-0,159612135;1,389722823;-0,5643017;0,121425687;0,506557232;-0,157659949;0,005905989;-0,159233517;-0,915615694;-0,149681001;-0,159165466;-0,163433572;0,951379;-0,157129507;-0,472461555;0,534345675;-0,827775363;0,774284151;-0,161232641;0,582106722;-0,245844611;0,04517772;-0,15598452;-0,124937846;-0,160458511;-1,119139923;-0,156279229;-0,155859545;-0,156106751;-0,15921362;1,502914257;-0,136826085;-0,241508486;-0,158567614;0,123075933;-0,427900442;-0,421180879;0,701325976;0,734630013;0,976330769;-0,111397519;-0,164993744;-0,190209865;-0,161472455;-0,160827422;-0,202202671;-0,15566123;0,382925646;0,599412076;-0,163796968;-0,219858527;-1,043680797;-0,706344155;-0,152732544;-0,154308009;0,930633397;-0,280441441;-0,16071631;-0,159636618;-0,087902795;0,038648419;-0,156084068;-0,314480218;0,005639201;-0,103439989;-0,163649726;-0,446962778;-1,21500639;-0,211850401;1,753790243;-0,415414772;-0,482728171;-0,163218298;-0,16452621;-0,521779978;-1,28910643;-0,163580342;-0,070478677;-0,162779731;-0,244580007;-0,1585435;1,587926467;0,601051122;-1,165909781;0,863654423;-1,436698142;1,547699239;-0,155397368;-0,08839134;-0,163974829;-0,37634755;-0,108344865;-0,058521948;-0,163986062;-0,860470223;-0,021269928;-0,112314804;-0,155211997;-0,157941347;-0,154535222;-0,068801725;-0,162635847;0,584968656;-0,162641115;-0,15691536;-0,102750798;-0,102734715;-1,253593884;1,367739219;-0,120125818;-0,163954774;-0,491404714;0,847895129;-0,125931505;-0,162454645;-0,165623331;0,101162425;-0,4640589;-0,088018774;-0,154356046;-0,164848925;-0,40354417;-0,15735231;-0,162468945;-0,14759339;1,326085925;-0,156046808;-0,255934032;0,213588919;0,884222186;-0,160642125;-1,846198047;-0,159634072;0,619238897;0,730478099;0,406353845;-0,155213311;1,091697884;-0,055053495;0,331339386;-0,049860886;-0,146238172;-0,486698579;-1,367005789;-0,512244371;0,643549104
-0,26045447;0,804584391;-0,1003711;-1,399876556;-0,101749641;-0,55485269;-0,993352225;-0,099263645;-0,095409428;-0,100451959;-0,097709476;-0,101596398;-0,235018158;-1,233480107;0,299622264;-0,733024846;-0,10091742;-0,096688154;1,097168168;1,140355665;0,122921733;-0,396316795;-0,098404495;-0,021487605;-0,094271992;-0,328626059;-0,095983552;-0,09793265;-0,099601286;-0,001718913;-0,100359862;-0,350229389;0,603212865;-0,998118281;-1,157216156;-0,096569997;0,692499652;-0,41674793;-0,656187245;-0,101246627;-0,07642217;-0,091834613;-0,870015633;-0,091972822;-0,089874938;-0,098927885;-0,098208358;0,810062294;-0,06842719;0,031253404;-0,099580762;0,91627183;-0,889381985;0,827472964;0,655711337;0,475580124;-0,150652055;0,483754593;-0,099552348;-0,113582101;-0,092716232;-0,099059306;0,31700252;-0,100207044;-0,67868838;0,542671669;-0,099175495;0,774324308;1,642053171;0,112802199;-0,099474958;-0,097275042;-0,865878639;-0,083832495;-0,099362381;-0,095078592;-0,063307769;-0,139545032;-0,09431098;-0,289176328;0,137103914;-0,089721691;-0,098617119;-1,39298085;0,961927132;-0,16189106;-0,088497104;-1,425365524;0,556937697;-0,090362798;-0,091559504;0,241379841;0,555134998;-0,092903895;-0,034709972;-0,097367809;-0,154392095;-0,095874783;0,415670294;-1,090628152;0,029715968;0,598944716;0,583769739;-0,186812805;-0,098760069;-0,062959398;-0,097130162;-0,609561285;-0,957801761;0,130000163;-0,090798108;0,258073308;-0,893032088;-0,076861846;-0,098996271;-0,095976925;-0,097305526;-0,218280388;-0,096579889;0,257317331;-0,098442393;-0,099648022;0,050996831;-0,035677064;-1,401787428;0,929775397;-0,067194855;-0,096027193;0,280165178;-0,768927354;-0,078220803;-0,094427419;-0,099435597;0,681068196;0,052910346;-1,396362613;-0,096576903;-0,098253736;0,298051782;-0,09983561;-0,092686604;-0,084894908;-1,260819723;-0,092178089;-0,419734557;-0,215008283;-0,03976682;-0,089935765;-0,665069445;-0,089157297;-0,030600574;-1,175702279;1,49584619;-0,095068367;-0,70994479;-0,033508835;-0,46708505;-0,019667149;1,034415153;-0,209062903;-0,698810933;0,927358718;-0,182205727
-0,496771709;-0,294576344;-0,120866763;0,831847248;-0,119640433;0,572756858;0,986802223;-0,123656095;-0,126638594;-0,125203809;-0,124875366;-0,122209257;0,112430659;-0,294199812;0,691531349;-0,71514201;-0,118717936;-0,119044881;0,987376435;-0,440108513;0,591954126;-0,895452399;-0,116286138;0,0083743;-0,128832044;0,310069758;-0,115549404;-0,122637246;-0,123368068;-0,898090872;-0,121943879;-0,267688001;-0,714984561;-1,033356064;-1,442409278;-0,116385046;-0,485267867;0,002346579;-0,556750498;-0,12454337;-0,097214637;-0,120715868;0,215961263;-0,125954058;-0,122564747;-0,126002755;-0,119524791;0,699266905;-0,091342107;0,498989041;-0,123110349;-0,436757733;1,418486519;0,254725232;0,803039328;0,890077232;-0,171081671;-0,448981928;-0,118484074;-0,250640917;-0,127352115;-0,12437399;0,385430863;-0,124284005;0,515987479;-0,321907279;-0,128623836;-1,067907838;0,683420838;-0,568729443;-0,033805311;-0,125652528;-0,141866745;-0,534506588;-0,124453301;-0,121864221;-0,101631898;-0,054155598;-0,120433014;-1,550840215;-0,424404123;-0,037187263;-0,123246265;-0,238911955;-0,738594831;0,344079338;-0,33518381;-1,218962994;1,054780574;-0,120969878;-0,118134744;0,101664976;1,071853536;-0,120744896;-0,042539137;-0,129590652;-0,041775373;-0,122119143;-0,311160479;-0,759044973;-0,709717581;0,522043806;-0,556200013;0,606630296;-0,126919891;-0,022020883;-0,117035197;-0,379438307;0,160758724;-1,507571541;-0,12414042;0,000540855;-0,459079042;-0,068977341;-0,11640172;-0,125275984;-0,122698073;-0,06692498;-0,117881558;0,891564383;-0,119577874;-0,118379772;-0,100317537;-0,077875839;0,80923486;-0,136060705;-0,012447478;-0,124722412;0,000955578;0,539984533;-0,100855558;-0,129371699;-0,12600263;0,116591252;-0,320978355;-0,566054878;-0,124514094;-0,122896571;0,165923495;-0,128144607;-0,119733886;-0,110450129;0,955000241;-0,121235354;0,347994867;0,498419191;0,083525663;-0,120726606;-0,621293871;-0,12206772;-0,286284806;-1,322311853;0,871298909;-0,12237902;-0,423005407;-0,036796405;-0,633786817;-0,054758103;0,351350439;0,056972139;0,891544273;-0,017334316;-1,51794687
-0,456070617;-1,191766768;-0,09988589;0,636506343;-0,100453325;1,233394716;-0,883402958;-0,095457884;-0,101870402;-0,096487827;-0,100077621;-0,094868015;0,012052544;0,704213116;-1,156989037;-0,636811995;-0,103429706;-0,096596388;0,524002523;0,730985223;-0,591628139;0,950553972;-0,09461222;0,011133678;-0,094402591;0,821006837;-0,095551884;-0,103422429;-0,092623196;-0,579978366;-0,099640696;-1,093528929;-1,153965479;0,206341995;0,435345407;-0,098443047;-0,688498017;-0,127385923;-0,287317189;-0,096157896;-0,073106075;-0,09437985;0,435239139;-0,096751929;-0,095519606;-0,092201878;-0,094788243;0,624781878;-0,078796273;-0,139852876;-0,103533895;-0,544158004;0,562393211;0,011733023;-1,14737228;-0,780633691;0,365303888;1,405036543;-0,092138539;0,084690882;-0,10091374;-0,099007677;-0,394341445;-0,102096749;-0,107237378;0,473821843;-0,097121233;-0,831987272;0,247792488;0,18372105;-0,156017374;-0,099224272;0,775752936;1,238161758;-0,098460091;-0,095829584;-0,053430137;-0,416455528;-0,103333238;0,384479832;-0,490164076;-0,065351369;-0,09926012;-0,258251971;-0,179531809;-0,777321375;-0,968014029;-0,848092741;0,751104822;-0,096862086;-0,093466331;-0,068997844;-0,374438284;-0,101817036;-0,047716145;-0,09893304;0,011111538;-0,099787423;-0,813446001;-0,871710523;0,827068724;-0,160482682;-0,149577353;0,008490505;-0,094081179;-0,060001747;-0,101060595;0,105815033;0,246813759;-0,100661444;-0,093887609;0,22668509;0,576829112;-0,043581713;-0,090756213;-0,098135067;-0,097531364;-0,084248464;-0,100277308;-0,917396917;-0,095255771;-0,093614376;-0,148891497;-0,077195489;0,011138279;-0,305597434;0,039841686;-0,100151034;-0,629674763;1,003396747;-0,078521597;-0,094835668;-0,096141147;-1,024545798;0,441948057;0,762542002;-0,098472882;-0,102245788;0,304424371;-0,103382507;-0,098371361;-0,093468889;-1,236060012;-0,092531932;0,451483676;-0,055174788;0,291657402;-0,090424743;-0,488429369;-0,100959418;-1,180743066;-0,40762375;0,701236388;-0,096143139;-0,511679024;-0,027100603;-0,072873787;-0,042790918;-0,637787533;0,000512562;0,258570943;-0,253653291;-1,199773246
-0,237241111;0,666155673;-0,076355053;0,073504769;-0,071674461;-0,863499744;-0,396539001;-0,074111486;-0,070142699;-0,078405964;-0,080056817;-0,078501161;-0,02909866;-1,103345203;0,325372701;-0,969223555;-0,080021742;-0,069033472;1,33224564;0,348012706;0,426360664;-0,3354351;-0,077144178;-0,128618274;-0,070005332;-0,950505356;-0,073056681;-0,074653653;-0,07180469;-0,563101585;-0,075146698;-0,951167597;-0,272647862;1,240676769;1,319004967;-0,071249346;0,71622584;-0,243919361;-0,303746574;-0,069535075;-0,062491265;-0,070412835;-0,310750209;-0,074872655;-0,072757523;-0,073935921;-0,080846292;-1,21062112;-0,056799491;0,458760952;-0,075685104;0,864920185;1,259863353;0,586000595;-0,255010469;0,683969749;-0,363061241;-0,16161468;-0,079009301;-0,180259942;-0,07979352;-0,078701813;-0,894746525;-0,072948088;0,698732368;-0,668882602;-0,069370625;-0,17453189;0,729594939;0,146566855;-0,090592364;-0,077680618;0,237555845;0,115004305;-0,075301888;-0,068289934;-0,044559002;-0,297190758;-0,071856643;0,022973268;0,053439435;-0,060398543;-0,07302169;0,42379708;-0,876203119;0,273260182;-0,809607733;-0,916348309;-1,204153362;-0,071600944;-0,077356088;0,200585173;-1,017805524;-0,069422832;-0,026213207;-0,070893648;-0,053837469;-0,075838198;0,63488865;0,532469276;-1,303983109;-0,371049869;-0,091489192;0,406761358;-0,077443492;-0,027895357;-0,070853508;0,196740934;0,129973121;-0,196509038;-0,076603898;-0,521611655;0,790066256;-0,053418329;-0,070946559;-0,078276729;-0,073269568;-0,112285215;-0,069525433;-1,085617487;-0,069013845;-0,072801506;0,089034351;-0,016599829;1,229541915;0,337977202;-0,196740152;-0,078181025;-1,210153975;-0,548298627;-0,053389862;-0,076618116;-0,071665064;0,157111111;0,579955815;-0,706309919;-0,075354612;-0,075409629;-1,188619488;-0,073342758;-0,069334627;-0,073320826;-0,381899979;-0,071287359;-0,482867279;-0,666819676;-0,036612429;-0,067592379;-1,025569878;-0,080431709;-0,397840317;-0,306876333;0,035586535;-0,072431687;-0,277936786;-0,020432199;-0,421532358;-0,020582028;-0,756879402;0,203280404;0,451502184;-0,529602673;-0,012928425
-0,447518293;-1,374615367;-0,132335604;0,550368235;-0,130348065;-0,964203213;-0,369821597;-0,133266384;-0,123474104;-0,135293795;-0,129949624;-0,129131946;-0,35460817;-1,027391032;0,673140792;0,18628825;-0,135073198;-0,13494704;-1,043471416;-0,695518804;0,551787732;0,439587883;-0,134072035;-0,050279602;-0,124494156;0,790780426;-0,128433875;-0,127173551;-0,126946767;-0,106200567;-0,130707044;1,580010166;-1,003755117;0,657359574;0,837142745;-0,130892179;0,212182836;-0,244891098;-0,006778012;-0,13213336;-0,099002852;-0,124531545;0,457941463;-0,12439791;-0,125996569;-0,123585167;-0,126562804;-1,070658798;-0,095981828;0,589328823;-0,131914782;-0,82915413;0,896039606;-0,079541328;0,428802532;-0,992255926;0,033349679;-0,890960675;-0,124672163;-0,037341698;-0,135383226;-0,130957175;0,798596669;-0,126060394;0,41258512;-0,084432306;-0,13479807;0,303584382;-0,624478011;0,24379581;-0,030519071;-0,123934012;-0,18163501;0,669517333;-0,130657707;-0,13126506;-0,071825309;-0,240262211;-0,131218538;0,087985431;0,053520901;-0,062450327;-0,133368729;-1,39136959;-1,255228906;0,629238056;1,163252058;0,015757437;-0,720165817;-0,128758061;-0,125796089;-0,066051037;-0,728932437;-0,124498138;-0,060190303;-0,132641279;-0,030926313;-0,13165176;-0,870812585;-0,163680996;0,35193024;-0,512896885;0,887907958;-0,916457781;-0,124260682;-0,050977547;-0,1297163;-0,166107739;0,456347002;0,894815468;-0,12718887;-0,367728183;0,419023129;-0,058265209;-0,127988375;-0,126748146;-0,130897559;-0,202013811;-0,130752831;-1,062243791;-0,131384081;-0,126668698;0,119815091;-0,072436256;0,232291555;0,123323991;-0,078251964;-0,128264414;-1,003692097;1,133914585;-0,10866497;-0,125630487;-0,128290666;-1,126175418;0,973934908;-0,785960907;-0,132449872;-0,131621231;0,428312749;-0,129421065;-0,132208999;-0,125426999;0,494538761;-0,13241513;0,098279517;0,085100614;0,679572946;-0,122030443;0,935490527;-0,134696844;1,555432291;-1,109888416;0,497158874;-0,132561395;-0,614899225;-0,053412914;0,257300339;-0,052711999;-0,893249422;-0,231533349;0,390254494;0,448643126;0,205687848
