-0,216183717;-1,825897606;-0,032870244;-0,007516196;-0,080154255;-0,063507666;-0,008385532;2,329342442;-0,01218127;-0,00891417;0,000133967;-0,793050461;0,430518851;1,404390824;-0,076367944;-0,077537158;-0,020605794;-1,401235922;0,005972925;-0,960985033;-0,051342226;0,009649119;-0,03793768;-2,339104934;-0,008764604;-0,042776015;-0,037637635;0,817560935;-0,037500096;0,031333531;0,951293498;-0,255626743;-0,043238667;-2,529451125;-0,046294144;0,132375175;-0,198218153;-0,008650562;-0,032423929;-0,625499478;0,027663531;-1,298771673;0,015401017;2,219444397;-0,023372481;1,236757213;-0,057112835;0,207135224;1,132966222;-0,353338477;-0,594924559;0,203174027;2,558581686;-0,035624898;0,012838634;0,105037052;0,003194115;-0,078726478;1,194271816;0,284243433;-1,180453386;0,02248886;1,630486387;2,079624168;0,717527171;-0,022913443;-1,931679516;-0,28609116;0,80887488;-1,186329233;-0,305539768;-0,009168584;0,341594907;-0,061734664;-0,103224978;0,008436621;-1,73105753;-0,059152012;-0,026457525;-0,049276025;-0,671455336;-0,242374691;-0,057478178;-0,037414704;0,042055491;-0,019102105;-0,22401943;1,105214029;-0,20191512;-0,047555477;-0,03703722;-0,015390472;2,085340983;-2,262113927;-0,362829589;-0,576163841;-0,004798276;-0,027445867;0,007014244;1,487349867;-0,069649828;-1,913749966;1,629828442;-0,398041207;-2,692970818;-1,394174015;-0,171147077;-0,001133406;-0,889227939;-0,028871155;-0,083322807;-1,34625519;-0,082856267;-1,313586968;0,086275102;0,006136676;-0,719606917;1,126950484;-0,025221684;-0,003947567;-0,068599492;-0,069504788;0,882661198;-1,069610791;-1,833474654;-0,953208632;-0,013125934;-0,054227621;-0,020096428;0,66061846;-0,023320775;-1,788117136;-0,679665882;0,04818063;-0,037248908;2,281631519;-1,809937259;-0,835670826;-0,286870716;-0,070394441;0,063905038;-1,586268448;-0,00818866;-2,732651433;-0,037550246;0,2407245;2,451272413;-0,031481128;-1,557992412;1,935668497;-0,055154138;-0,893304987;-0,009240415;-2,844687636;-0,024399895;-0,92262047;-0,076027413;0,047872619;-1,417248308;-1,068446745;0,672520985;-0,032759815;0,268953472
-0,229410325;-0,319737876;-0,157714479;-0,039958466;-0,165376385;-0,085606183;-0,111158207;-0,207805209;-0,056100342;-0,037285854;2,710550452;2,007579087;-0,155596436;-1,49695168;-0,110493382;-0,084749661;-0,093744202;-3,712151097;0,022928826;0,497139847;-0,08487075;-0,069033559;-0,115190881;0,737919099;-0,095325008;-0,152241692;-0,973937465;-1,354895911;-0,098078853;-0,098248263;-0,933516633;0,360031866;-0,070694307;0,936966963;-0,062604841;-0,878617709;-1,420807291;-0,152129033;-0,159359014;0,28954432;0,03782285;1,050435831;-0,040683516;-1,224917103;-0,146189743;2,323020291;-0,091712638;-0,410523748;-0,466252618;0,388769654;0,45496936;0,17242701;1,939568325;-0,151364083;-0,021740221;3,067050083;-0,083388487;-0,088995357;-1,406661275;0,202547302;0,54530024;-0,11464453;0,290325547;1,680709498;-2,215233448;-0,138440364;1,803458977;-0,378722636;0,198008024;0,075598522;0,222036913;-0,15740725;-2,440782832;-0,086247715;-0,660101867;-0,01231304;-1,361753079;-0,143926745;-0,034442281;-0,12293369;-1,405850865;1,316630533;-0,002547667;-0,145749328;-0,195029477;-0,085159932;0,540011006;0,66703607;-1,437797506;-0,086044409;-0,108123596;0,00604495;1,085714687;-0,870535339;-0,284282573;-1,698518335;-0,136306912;-0,155839379;-0,043497395;-0,383556731;-0,107918481;-0,158675897;-0,645132201;0,366383845;0,214434077;1,704478821;-0,706610208;-0,074114625;-0,285067417;-0,150502232;-0,123704706;-0,854292484;-0,141369005;0,780902303;-0,06990075;-0,112674;-2,12862569;-0,135419082;-0,158368525;-0,03815101;-0,108388984;-0,133782001;0,043728526;2,168071177;1,526435217;-2,041421386;-0,087545943;-0,105482452;-0,137051637;-1,96789629;-0,124575604;0,272857194;-0,894408487;-0,012627401;-0,150514677;1,582743714;-1,429537161;-1,709101314;0,610388476;-0,302698408;-0,188832567;1,034764654;0,015811852;1,406148793;1,302136026;-0,477183226;-1,270555041;-0,111934742;1,807519849;0,585237001;-0,069397889;-1,48261113;-0,271974932;0,432529451;-0,139312765;0,095190255;-0,022102819;0,043868195;-0,419121413;0,359648145;-0,876048134;-0,154076225;2,111858477
-0,101731452;1,528162046;-0,070291941;-0,068380803;-0,083259504;-0,103925857;-0,074749158;1,589606841;-0,038854182;-0,025429316;-0,881879334;-0,876572046;-0,204902157;-2,185950841;-0,055918606;-0,079331101;-0,005873182;-1,711243961;0,033878499;1,108739026;-0,085390295;0,004255495;-0,084964533;-1,575805892;-0,043423584;-0,088367866;-0,36306195;0,597187198;-0,075617636;-0,102374241;0,538387465;-1,841080754;-0,09088438;-0,261535868;-0,061848651;0,795488972;0,407609898;-0,051132901;-0,043356059;-1,605217579;0,010585552;1,22220599;0,005686172;-0,209996088;-0,081215249;0,505182555;-0,114152527;0,059455195;0,239579922;0,377599534;-0,260653443;-0,02807548;1,902861467;-0,104559119;0,015806331;1,020145729;-0,056480934;-0,086397372;-2,643262413;0,587015568;1,223413868;0,008045595;1,661747729;-3,051176991;0,171478685;-0,041281753;-0,940480932;-0,427706641;-1,985945155;0,330317866;0,233938211;-0,084354992;-1,164088936;-0,080853389;-0,27473682;-0,001102935;0,95306802;-0,076055589;0,017506551;-0,065495811;-1,376288843;0,100012353;-0,026755642;-0,121000631;0,224472284;-0,025092254;-0,402147995;-0,735621708;-1,918361442;-0,036151591;-0,121573617;-0,043956175;0,328721622;-1,76535367;-0,085600329;1,678426703;-0,119931005;-0,036936485;-0,018528145;1,259812949;-0,064550074;-0,650943144;0,91075676;-1,060299271;1,341055462;0,271233387;-0,819775736;-0,029258954;0,35614907;-0,103903815;-0,096778877;-0,467429302;-0,055682638;1,651436907;-0,138463599;-0,040261122;0,821189375;0,269218485;-0,040533744;-0,049601327;-0,120100454;-0,097794646;-0,117489939;-0,896469346;-1,036713914;-0,668332023;-0,03262509;-0,092075427;-0,099430986;0,450376441;-0,059077298;-0,042054991;-2,52102395;-0,003612248;-0,077765188;-1,740503799;-1,917315044;1,156794173;-0,100219805;0,010109304;-0,13956127;0,38359606;0,001518919;0,598075393;-1,545832604;0,143605992;-1,513992591;-0,047989536;1,240700945;1,69764985;0,00087843;-2,520904328;-0,262778375;0,906877282;-0,09187637;-0,730379729;-0,051657554;-0,04149641;0,174670664;-0,621701334;-0,203261327;-0,067377117;0,285399182
-0,365107726;1,321720308;-0,122397846;-0,208150116;-0,171437753;-0,139338469;-0,139206219;1,586909318;-0,026095318;-0,004527934;0,344728313;-1,522602613;-0,09857793;-2,068106007;-0,183559668;-0,167455735;-0,075669242;0,708877047;0,002693159;0,566798643;-0,103059302;-0,026540467;-0,172690316;-1,615873039;-0,106096342;-0,188581672;-2,584737139;0,182472865;-0,109563679;-0,159795673;0,091682463;-0,327737157;-0,125436145;0,098299323;-0,061629818;0,447805874;-0,220182534;-0,12001929;-0,113272432;0,133677717;0,008749583;1,175167325;-0,001999924;-1,528436495;-0,117224196;0,208901244;-0,133159061;0,599608574;-0,48823399;-0,240065371;1,991698145;0,086343645;-0,36665202;-0,179820613;0,024413124;-0,154265349;-0,129512056;-0,147735917;-0,737906088;-1,420380387;0,375879487;-0,157656709;1,306815803;2,195061466;-0,541530703;-0,196184004;2,247319246;-0,584606405;-0,029004693;2,898971221;0,129461537;-0,114933517;0,966941459;-0,178835652;-0,09854862;-0,033403625;1,156868048;-0,104315282;-0,040469494;-0,147559227;0,307305528;-1,679331483;-0,020766742;-0,131112695;-0,227099434;-0,128970873;-2,029308441;-2,740502893;0,671530847;-0,155732005;-0,188707322;-0,060733121;-0,151864325;2,279831758;-0,009224158;-1,068323866;-0,184290475;-0,161890452;-0,053126416;0,372917213;-0,131739487;0,930586434;0,423248326;-0,295746526;0,063667651;1,957361558;-1,435329446;-0,153332726;-1,747166898;-0,136094259;-0,132456016;-1,309506662;-0,119831921;-2,005050228;-0,031521402;-0,101785131;0,636911529;1,698796752;-0,142582089;-0,037864046;-0,154310608;-0,179377813;-0,553992257;-0,124430491;-1,307628735;-0,219838461;-0,103202119;-0,160081141;-0,117417272;-0,753540386;-0,142020347;0,886965946;1,077969301;-0,025675167;-0,064982775;-1,140387239;-1,691414501;0,554314091;-0,566506319;-0,06628064;-0,099336352;0,796481557;0,009711329;0,88908805;-1,639738029;-0,289941849;-1,067407657;-0,058621903;-0,104502518;-2,894133588;-0,078311611;0,767564432;-0,1424024;0,493688719;-0,155953113;0,207854077;-0,020944495;-0,006989961;2,249637889;-1,257304735;-0,078353208;-0,173406619;-2,237413628
-0,368389743;1,114156409;-0,163298484;-0,068717399;-0,121060535;-0,147342659;-0,094617961;-0,889602041;-0,031225297;-0,009125179;0,092176086;0,822225148;-0,256298188;-1,436023799;-0,16188049;-0,108370504;-0,045895979;1,11614438;0,021731301;-0,356008136;-0,151918479;0,053059291;-0,12636755;1,517187653;-0,135291097;-0,13977598;-0,659504186;2,418082378;-0,084180817;-0,067068563;-0,048799786;-1,2648278;-0,090508393;-2,378990167;-0,066175698;-1,973987577;-0,181409788;-0,219704575;-0,110781047;-1,519174204;-0,041834732;1,120929688;0,004216969;-1,103822527;-0,097930726;2,439375211;-0,077657348;-0,444538528;-1,163934844;-0,517570107;-1,096758018;-0,178042769;-0,990549259;-0,105123587;0,035074916;0,811934477;-0,089384211;-0,093603461;0,550712548;0,898218057;-0,764395715;-0,05605858;-0,577655728;1,154022907;-1,319893433;-0,124741452;2,728269024;0,550328618;1,613343139;1,071476747;0,079106678;-0,10336324;-0,95669804;-0,102652875;-0,198278064;0,024363873;-0,388390773;-0,136116065;0,019451227;-0,134859231;1,325924199;-1,035793215;0,010209367;-0,130599118;0,214891379;-0,089662858;-1,904624637;-0,649880082;0,94041735;-0,121391399;-0,112234101;-0,007974364;1,583012718;-2,342662781;-0,056371189;1,734269519;-0,162734189;-0,091962664;-0,065197287;-1,698131069;-0,078495038;-0,860571547;1,208668389;-1,442434731;0,851881384;0,22326983;-0,660446026;-0,097018514;0,19239486;-0,146637462;-0,092909782;0,866295097;-0,127949244;0,512662846;0,117485158;-0,095784669;1,206929928;-0,842557966;-0,154114445;-0,056532117;-0,128021853;-0,129422881;-0,152065874;-1,472236603;0,154158465;-0,05686165;-0,109498389;-0,158235703;-0,095197927;-0,790370028;-0,169381582;0,07151761;0,060778685;0,07816978;-0,152618306;0,023922812;-0,362015051;-2,117583733;0,600205041;-0,308420104;-0,025787162;-1,43269085;-0,026824497;0,723440084;-0,291446465;-0,287829874;0,174935243;-0,14341637;-2,854638603;1,034135804;-0,098783294;0,721281485;-0,065045322;0,100855017;-0,094214769;-0,647309983;-0,058532083;-0,051475089;-1,606391176;-0,009234449;-0,183003122;-0,160090104;0,194140113
-0,242218635;1,573497855;-0,122151753;-0,07026943;-0,066515525;-0,112678656;-0,143210737;-1,427708016;-0,076388701;-0,017413822;-1,171654734;-0,126886056;-0,355026407;-0,183731233;-0,140266733;-0,137968477;-0,084200481;-0,509739702;0,008522261;-1,407694264;-0,077111792;0,051796579;-0,105317798;-1,602813781;-0,06959297;-0,140281079;2,183964305;-0,652183382;-0,10145658;-0,033297483;2,115123717;1,191319799;-0,101445538;0,781885311;-0,032995228;-2,618109345;-0,870935078;-0,151150059;-0,109898748;0,1261774;0,033646732;-2,589621986;0,030390876;1,085760619;-0,108298445;0,036209073;-0,133325653;0,235517079;-1,127956309;0,129383188;-1,423618578;0,034344981;0,689335331;-0,100272003;0,040223807;0,945288765;-0,064458291;-0,143962401;1,431111935;-1,739080894;0,855638176;-0,042456409;1,707219898;1,578441327;-1,227607394;-0,048938671;0,211811114;-0,49474164;0,083618836;-0,677481268;0,098380563;-0,099723532;1,706008039;-0,129713667;-0,241587402;-0,023138173;-0,843182882;-0,095138645;0,040441711;-0,086002564;0,083429286;-1,657720091;-0,056045943;-0,089122005;0,513804188;-0,105375536;1,052062877;-0,208489222;-2,651659225;-0,054408888;-0,117623117;-0,046241075;1,236809688;2,032356763;0,033262663;0,725749847;-0,148932024;-0,114499883;-0,003815375;-0,285425018;-0,073992748;1,170303107;0,487066192;-0,551476098;-1,537668291;0,711726286;0,061303482;-0,089489085;-2,603018372;-0,137692254;-0,121535947;-1,105133491;-0,108976237;-1,329180833;-0,087074423;-0,0876986;-2,545418994;-2,099177107;-0,051952945;-0,021150714;-0,104973984;-0,081128203;-1,243173764;-2,5288266;1,146347032;1,680893095;-0,08939974;-0,094056469;-0,070649523;-1,084761725;-0,118935598;-0,209560022;-0,269015058;-0,032674303;-0,070829452;0,529988994;-0,393399335;-0,058359832;0,084569129;-0,112750415;-0,038712353;1,945019055;-0,020661066;0,902472244;-1,411197754;-0,266507003;-0,952436687;-0,097014325;0,062621483;-2,551513937;-0,04148965;0,918267984;-0,003251787;1,047579561;-0,070504423;-0,615122007;-0,052806096;-0,020133359;-0,495037767;0,995010349;0,619281206;-0,111259954;2,141116324
-0,337479026;-1,472825784;-0,128270878;-0,022414383;-0,135200007;-0,112292243;-0,148024631;0,317124158;-0,029190489;-0,045357302;0,538374783;0,192828333;-0,254071641;0,424335801;-0,149605346;-0,113913313;-0,102544923;-1,468357797;0,004956682;0,422348948;-0,100824449;0,033785376;-0,078921007;-2,735560633;-0,096526372;-0,077481411;-2,990825552;0,712689477;-0,128867135;-0,170385894;0,291067931;-2,304004503;-0,11084268;0,064330099;-0,0596831;-1,920613914;-1,987083597;-0,109981145;-0,124644026;0,490803455;-0,037569903;-1,63240279;-0,013686136;1,451591297;-0,127045987;-0,529137998;-0,113330639;-0,148273352;-0,022706725;-1,325003739;-2,287722496;0,292400128;1,980801036;-0,085005288;0,040776788;-0,967674889;-0,050400067;-0,118257137;-0,742436454;0,552431062;0,56838705;-0,093419685;-1,79500594;1,45538686;0,927565447;-0,079532268;1,625056188;0,279401851;2,020052888;-1,294909355;-0,448610648;-0,093896037;1,01288028;-0,085884587;-0,123132096;0,036817033;1,009369692;-0,093784154;0,034612344;-0,113250465;-0,106903003;-1,833884983;-0,001799255;-0,141119341;0,51217826;-0,074926581;0,432487287;0,029356725;1,207829881;-0,068089346;-0,150808991;0,012781657;0,182907984;2,012696883;-0,095490895;-0,753509379;-0,092476014;-0,107787924;0,009452319;0,186619567;-0,067110149;-0,883026555;1,179200189;-1,595851958;-1,438734056;1,782171974;-1,113442902;-0,054389038;-1,063171545;-0,135161461;-0,105915766;-0,413788222;-0,071692576;-1,851215169;0,052725751;-0,114112792;-0,711707887;-1,715262362;-0,051844954;-0,058606234;-0,096627095;-0,075249362;0,156708643;1,822888653;1,392020877;-1,044798791;-0,108843184;-0,125265122;-0,076980018;1,558035426;-0,14179124;1,500817282;0,649893169;-0,02828076;-0,146749556;-0,470059707;2,047934091;0,573911744;0,135553152;0,001272471;-0,016182557;-1,359485079;-0,016826312;-1,076350877;-0,086841241;0,044461579;1,700443566;-0,030099978;-2,776242683;1,130059985;-0,089707847;2,013288782;0,063839867;-2,026110332;-0,093188626;1,457066781;-0,001855595;0,02350612;-1,466543158;-0,483904218;-0,426403697;-0,071506975;-1,038432863
-0,380519096;1,658916888;-0,175512838;-0,216450953;-0,161730714;-0,160695038;-0,149969808;1,551207673;-0,00880343;-0,026608707;1,929625256;-1,144440888;-0,406121323;-1,503812678;-0,194401723;-0,209223225;-0,155177336;0,634616802;0,02122875;0,764428341;-0,226525811;-0,011971751;-0,197921734;-1,480126673;-0,159782621;-0,194344874;2,681162537;-0,452578222;-0,206441756;-0,141200462;-2,413674464;-0,196551153;-0,170762239;-1,483556962;0,005753672;-0,913593079;0,978215767;-0,214451592;-0,159671128;-0,107577039;0,017272602;0,795367721;-0,02809495;-0,889481487;-0,165700436;-0,905962032;-0,179734111;-0,049277674;-0,016751048;0,570329776;-2,044190053;0,216884257;-1,220964734;-0,234506513;-0,025292972;-0,920577347;-0,175544238;-0,185048583;0,900512928;-1,414360232;0,382249147;-0,238912847;0,169057263;-0,398555025;-0,684858707;-0,175364957;-0,651304063;-0,879889545;-0,968639288;-0,687093108;-0,995118377;-0,222450042;-2,067523664;-0,189442453;-0,667719004;-0,031139296;0,436212466;-0,193332372;0,00027408;-0,227900988;-0,034518134;1,675201434;-0,050862747;-0,187177102;0,384426561;-0,204820423;1,743670003;-1,005686862;-0,092810944;-0,200702496;-0,213612121;-0,024740965;-0,683211469;0,974970314;-0,158165758;1,508325027;-0,157696628;-0,18677753;-0,005119731;1,852690561;-0,14569415;0,211334452;2,651148436;0,070361012;-0,330041441;-2,509568325;-0,036431522;-0,145586453;-0,722568881;-0,175769759;-0,213704866;-0,546828332;-0,220830889;1,315850285;-0,145061179;-0,215671072;-0,159652226;1,951611792;-0,209479535;-0,05526439;-0,23607639;-0,225012836;-0,189022302;-1,692999665;-1,102338057;-0,79361278;-0,219569381;-0,217487137;-0,179790372;-0,198568156;-0,191749273;0,788701458;1,869256655;0,025207585;-0,171190312;-1,303829848;-1,863100081;0,033961831;-0,713364179;-0,119757675;-0,164339378;-1,258377822;-0,02353718;-0,502719525;1,836159361;-0,318549995;1,11658647;-0,142540161;0,11353821;0,470188397;-0,146576434;2,101432478;-0,252190307;1,258481004;-0,175253923;1,163742673;-0,011789431;0,059985159;0,827714408;-0,618457321;-0,224903935;-0,209176691;1,263943512
-0,430455828;2,032142306;-0,186862064;-0,202791348;-0,208316738;-0,161948288;-0,177516492;1,896128682;-0,024769554;-0,019438581;-1,598659806;-1,603562575;-0,054226357;2,403945703;-0,191726324;-0,195888434;-0,149285295;-0,948959535;0,042537843;-0,826913619;-0,212744262;-0,032695735;-0,170392254;-1,356435732;-0,232761424;-0,21368723;-1,310953595;-1,973774166;-0,174279844;-0,201126621;-2,557838549;0,62186482;-0,198783617;-0,169939148;0,008834006;1,633695331;-0,188021128;-0,211409218;-0,228251678;-0,62644844;0,023118603;0,501218726;-0,031855498;1,805069851;-0,189793548;0,367686601;-0,150871815;-0,440471522;-0,341953629;-0,689726217;2,204363811;-0,017484612;1,653545907;-0,183916066;-0,039126658;-0,548408145;-0,156752198;-0,155379516;0,887731104;-0,86016598;1,58260251;-0,140401363;-1,86421952;1,887719009;-1,590706933;-0,197343012;0,950895765;-0,390902607;0,541192136;-2,097610329;-0,014721766;-0,212279863;0,847519295;-0,168808738;-0,452100859;0,013932658;0,40114072;-0,197625127;0,021388581;-0,188520895;-1,036185396;0,216983541;-0,01907591;-0,193375103;1,039571523;-0,17541467;-1,61429361;0,399042117;-1,120960391;-0,185597791;-0,226256125;-0,058711007;0,648370884;1,819513386;0,220731122;-0,792170886;-0,215911871;-0,145777143;-0,067126223;2,171966268;-0,190126574;-0,096037143;0,69178314;0,520887368;1,739178204;-2,175403373;-0,710943974;-0,14277153;1,398006586;-0,205282373;-0,207172175;0,069564091;-0,176793066;-1,266745149;0,072601449;-0,154246125;0,919886031;2,232824792;-0,159273901;-0,038968475;-0,208666215;-0,204537222;0,268509894;-1,036604597;-0,972142765;-1,900159748;-0,20136441;-0,177398336;-0,160697837;-1,291010136;-0,148692601;-0,017227995;-1,635335408;-0,032979812;-0,10568805;-2,445901971;0,132849557;0,422661471;-0,158925087;-0,182249087;-0,154065519;-0,413662844;0,025608995;-1,584641526;1,588384056;-0,229283654;-0,745404688;-0,173573121;-1,396921563;0,308483088;-0,123076039;1,806562692;0,076946228;0,610951687;-0,137360084;-1,587969158;-0,047030773;0,01893562;-1,872882121;0,511950308;-0,471154963;-0,193700288;-0,199337485
-0,227054502;0,894881551;-0,189765977;-0,20460863;-0,155001299;-0,159070197;-0,129507436;-1,412690641;-0,026670855;-0,028402106;-0,660405428;-2,106859467;-0,209142874;1,354382048;-0,187492778;-0,178827344;-0,068945683;0,517201147;0,037807821;1,056091394;-0,129348788;-0,047543214;-0,187795519;0,780671589;-0,136748658;-0,157692063;-1,576265298;-0,749854074;-0,171323013;-0,182958909;0,748984321;3,282312841;-0,187278786;-2,049646411;-0,021636704;0,134398346;1,009476405;-0,216719769;-0,196149449;-0,872621211;-0,006488621;-1,831965348;-0,008326028;-0,388698676;-0,203201139;-0,121506928;-0,124095678;-0,611278139;0,877531359;0,141592913;-0,5962363;0,074542835;-0,318788248;-0,198828355;0,035447871;-0,654642666;-0,136034084;-0,180757417;-0,269767205;0,972365253;1,203313203;-0,206509373;0,497169074;-1,425144208;0,334369703;-0,19604886;2,373456998;-0,589755166;-1,422588278;0,008717648;0,107334707;-0,128125823;0,571987221;-0,12433041;-0,666089466;-0,025317156;-1,267380613;-0,183517414;-0,030213238;-0,192307284;0,916526178;-0,723402987;-0,056079494;-0,153044575;0,074338494;-0,191043058;0,887157556;-0,779754019;-1,683504567;-0,151649536;-0,203192032;-0,010333492;-0,053000915;2,093126086;0,114923743;0,54080437;-0,1834126;-0,180353791;0,010016562;-2,772017905;-0,158087693;2,644340276;1,728037701;-0,052273937;-1,691785014;-2,18499561;-0,924452933;-0,147975698;1,421153208;-0,207889871;-0,134882104;-1,13772572;-0,14093895;-2,396961717;-0,087478418;-0,154020704;0,371752925;0,043777909;-0,170241819;-0,005864123;-0,129707197;-0,19146108;-1,336801675;-2,23961945;-1,532329735;0,218642697;-0,133683682;-0,186542213;-0,172260298;-0,025836262;-0,204662225;-0,404725281;-2,230615484;0,03881339;-0,113947506;0,611004756;-1,260385783;-0,736589013;0,8474923;-0,14230496;-0,155540727;-1,016282133;0,017149367;0,314895366;-0,180388183;0,240543381;1,628406451;-0,185205934;-1,060014576;0,361835819;-0,162712992;0,96221713;0,052449464;-0,714657647;-0,119036644;1,51784407;-0,000959547;-0,046848725;-0,260703211;0,927372322;-0,30848464;-0,185656791;-1,2616738
-0,495780895;-2,920061682;-0,219452809;-0,126193551;-0,229101007;-0,251815832;-0,254255016;-1,141886212;-0,070556831;-0,075126891;-0,349772282;-2,492890492;0,141107324;-2,57920958;-0,227573296;-0,230203475;-0,08263731;0,410381396;0,029711167;0,107285005;-0,201007435;0,02297507;-0,264777524;1,223107659;-0,245479192;-0,276350966;-2,234427748;-1,03660553;-0,178814137;-0,169396406;0,019316893;-1,662524157;-0,171396213;1,269636933;-0,018960349;0,390207881;-0,845530493;-0,1785789;-0,279560838;-0,669687096;-0,036303881;1,416631245;0,028860957;1,930264015;-0,258736;-1,074839925;-0,238025621;-0,523491518;0,354850654;0,130834555;0,224045142;-0,197698131;-0,510561056;-0,211189881;0,014676691;0,337939396;-0,209510144;-0,227372659;1,70235061;0,379551458;-0,963495042;-0,289926359;-0,299818916;1,747251658;-0,458064657;-0,235311166;0,093209298;-0,261343134;1,310301942;-2,124154486;-0,413010285;-0,197842027;2,789347926;-0,233896634;-0,285513848;0,000184705;-0,394579758;-0,177423732;0,029582398;-0,223275005;-1,735311217;-1,305215157;-0,039813489;-0,25133699;0,659683398;-0,219303079;-0,621747937;-2,242227214;-0,456544441;-0,219750738;-0,247703606;0,003578316;1,177984169;1,132035273;-0,261730255;0,212869344;-0,22000742;-0,252133482;-0,061840541;-1,280548517;-0,206403781;-1,771117329;-0,143111482;0,295608189;1,445286287;0,025772255;-0,166314153;-0,165999277;-0,787474067;-0,21255483;-0,266623639;0,879110474;-0,203467278;0,979380339;0,095466956;-0,249320171;-1,682081548;1,840068855;-0,198370954;-0,039350892;-0,246671338;-0,239757324;-0,94772018;1,526729407;1,592739913;2,021650758;-0,211457638;-0,204694034;-0,207952911;0,061826264;-0,266112556;0,183676934;-0,056755235;0,048970623;-0,135716294;1,335638556;-1,131515715;0,921957357;0,293207396;-0,101173579;-0,262388677;-0,757256434;0,015210867;0,583094605;-1,993838897;-0,246107188;0,147946668;-0,199424224;2,19100643;1,716350005;-0,319410881;0,755405035;-0,214573804;-0,102967917;-0,215458764;-0,647478264;-0,033297618;0,006309106;-1,241051955;-0,873482228;-0,45738391;-0,225906296;1,163117992
-0,320053343;-2,406010565;-0,127514303;-0,078713153;-0,109146089;-0,113139727;-0,144106513;-0,036548828;-0,047298213;-0,054396865;2,772239604;1,156169615;0,110035801;1,129901111;-0,157253529;-0,120445752;-0,056957903;-1,854973441;0,042120144;-1,475399668;-0,144311259;-0,034894862;-0,147568771;-1,816643628;-0,147942803;-0,113496531;-1,57199864;-2,07647786;-0,069955751;-0,011666873;2,135727144;0,112622135;-0,107688422;0,939449015;-0,022440808;0,329188234;-0,336445776;-0,063941743;-0,107616372;0,979355105;0,048538139;-1,711924768;0,029002971;0,853110294;-0,130984439;-0,173863228;-0,098114627;-0,829473521;0,756231214;-0,297772001;2,910869651;0,136405675;0,828305125;-0,104594221;-0,012172631;2,084933789;-0,05793965;-0,088946874;-0,390995467;-0,174157334;-1,329099436;-0,040131552;0,766598262;-2,055554714;-1,355301669;-0,13594323;0,433425374;-1,017026021;0,797613561;-1,68679615;-0,369476082;-0,132967027;0,817610218;-0,135957334;-0,386210563;-0,020598322;1,930957764;-0,074940666;0,018849609;-0,070618588;-1,411689588;-2,09974997;-0,053468608;-0,078623452;0,937777221;-0,111038626;-3,011201233;-1,547312223;-0,038345962;-0,122965003;-0,104645053;0,012295887;-0,80298525;-1,933050983;0,021442428;0,239466181;-0,120768781;-0,085366776;-0,026607927;0,850800785;-0,099563101;0,562443972;-0,183366442;-1,12762338;-0,144399387;-0,094391902;1,749854358;-0,095248686;-1,324471357;-0,077881444;-0,123836594;-1,018826226;-0,114313572;-2,75224523;0,187315955;-0,08511856;-0,77538895;1,554503632;-0,101916686;0,00855136;-0,10566382;-0,150872804;-0,398940518;-1,836282;-2,028417766;2,843350163;-0,141643133;-0,126415821;-0,126152076;-0,510663958;-0,086725755;1,201553777;1,570866644;-0,028184269;-0,14265106;-0,65991999;1,215568747;-0,257377626;0,073491278;-0,067154114;-0,12758715;2,286056722;0,006221799;0,382316617;1,768926914;0,082739104;1,274439112;-0,131698749;-0,112099699;0,477769314;-0,094795781;-1,852345009;0,000147014;-0,135369571;-0,061093107;-2,21697265;-0,03098208;0,050589818;-0,769538463;-0,020596784;0,115696218;-0,082324125;-1,316196593
-0,064864016;-1,600933339;-0,094578587;-0,00282108;-0,037337603;-0,007781532;-0,028892541;0,702022174;-0,015665924;-0,014402048;-0,708088203;0,178769168;-0,179134966;1,487804223;-0,048737177;-0,075634467;-0,00327835;-0,136733967;-0,033227856;-0,203797382;-0,056188606;-0,032421952;-0,010202382;-1,307448844;-0,046368681;-0,06916658;0,971137434;2,163899397;-0,041109422;0,03081755;-3,538225103;0,394807253;0,014386639;2,194917101;-0,067866656;-0,879760545;0,119307936;-0,032039856;-0,031909348;-1,749999527;-0,006501892;-1,464038626;0,025429103;0,227638633;-0,084208305;-0,51300635;-0,046108531;-0,285220617;-0,345998942;0,374800371;-0,13773081;-0,010501549;-0,472708139;-0,060715628;0,018167458;0,585501746;0,017166174;-0,041425603;1,372324729;0,185740871;0,34083;-0,007644465;-1,631986525;0,982581086;-0,309633485;-0,129716638;-0,297678959;-0,276178932;-0,639801808;1,230239183;-0,004191838;-0,00831836;0,949289659;-0,00390187;-0,111621674;-0,01968666;0,35572947;-0,037338833;-0,047462748;-0,033873044;-3,71143728;1,470868698;-0,059749722;-0,022667449;0,213741122;-0,058850855;1,015183507;-1,046108995;0,682698873;-0,039421501;-0,057058326;-0,060471892;-1,467952638;-0,568148918;-0,025345963;-1,389163303;-0,085510037;-0,045094749;-0,035823262;-1,942753474;-0,007277189;0,989069172;-2,226926225;-2,625646636;1,665254806;1,802261345;-1,714978102;-0,052668294;-1,580020865;-0,078728072;-0,014509851;-0,783306195;-0,08324614;1,528943083;-0,09801314;-0,050188699;-2,02087348;2,040557037;-0,063416453;-0,041445935;-0,080794943;-0,008234017;0,572202624;-1,053195255;-1,43996551;-1,333235974;-0,073136908;-0,048452428;-0,055599819;1,372004888;-0,057622754;-0,987840706;2,114401423;0,027652132;0,024344056;0,286096363;-1,114873099;1,656452363;-0,427545943;-0,21365135;-0,037189317;-2,379658784;0,014232342;-0,527592134;4,063106727;-0,01308516;-1,692555659;-0,030678989;-1,592366056;-2,248243965;-0,006104678;-1,643290857;0,063201035;0,044414443;-0,021968075;0,217373967;0,000458288;-0,019285457;-1,783816996;-0,082810954;0,371191121;-0,059293439;1,456809884
-0,062526512;-0,33596824;-0,011071275;-0,026945286;0,014736142;-0,020057288;-0,037361347;-1,442282623;-0,046520637;-0,05664383;-0,260827103;-0,680103025;0,35295558;-0,1301027;0,011194699;0,007693832;0,029634714;1,588925152;0,002144859;1,650157484;-0,025066113;-0,012064792;-0,026195722;1,109700283;0,00999269;-0,021972178;-0,354269504;-1,592864229;-0,047070437;-0,00901175;3,62603867;2,003097028;-0,004390995;-0,344981792;-0,01650075;-2,482704991;-3,351146415;-0,025973424;-0,050160558;0,707202536;-0,013418273;-0,976739915;0,016407622;-2,485701278;-0,009436722;-1,613116916;-0,027917182;0,14200154;-3,185437953;0,478952185;-1,137438301;-0,182166112;1,296003925;-0,010167377;0,015019502;-0,085881515;0,034435896;-0,032669838;0,73718504;2,070502393;-3,116167333;-0,042919135;0,201329885;-2,552851748;1,485050854;0,007458593;0,526604295;-1,030837416;-2,025909515;-2,904715721;0,297019543;-0,011528122;0,064374791;-0,024203011;0,24593555;-0,03610999;-0,23844209;-0,036420841;0,007222574;-0,002220955;1,468622533;-0,364059856;-0,018796245;-0,015070439;-1,37833875;-0,013696546;0,231476531;-1,620889956;2,681286176;-0,011340702;-0,000319397;-0,064068801;0,629674386;-0,056545231;-0,215030822;-0,128813859;-0,063297934;0,015704754;-0,046722683;1,555380973;-0,034705985;1,505516857;-0,65727743;-2,634401101;1,137873959;0,09060975;-1,867001844;-0,017159225;-2,030251567;-0,0222931;-0,06811207;-1,813812669;-0,039629464;1,687540549;-0,027320885;-0,043178478;1,635297474;1,517519203;-0,009850362;-0,017446177;-0,013664728;-0,06766137;0,607364892;-2,243937372;0,830754431;-0,737332862;-0,046016798;-0,014497252;-0,034222983;-0,520213451;-2,13E-05;0,13149074;-0,352144873;0,002612938;0,03400678;0,371561971;-1,42350857;0,167163665;-0,48911383;-0,079062267;-0,042444642;3,923812774;0,016829343;-0,414588567;-0,436987676;0,119282665;1,260954809;0,039689568;-2,438238285;-2,150854447;-0,012208318;0,304845451;-0,105647902;0,162594938;-0,021773264;-3,05904177;-0,03787789;0,030022123;1,366970152;-0,653027787;0,499236927;-0,011612615;2,678075931
-0,09783314;-2,145357312;-0,128981335;0,033735823;-0,089560658;-0,14700375;-0,11495574;-0,316820028;-0,082113143;-0,057855651;-1,117445687;-0,747150018;0,08580442;2,064241276;-0,078120486;-0,098859707;-0,07050668;-0,819968298;0,037713366;1,180621679;-0,078292668;-0,017780699;-0,064190391;-1,743415578;-0,090907895;-0,126711756;1,874133464;-1,443711759;-0,130477454;-0,061626018;-0,391035011;-0,581559683;-0,068536934;-0,752831853;-0,056147239;-2,192249621;-0,70468034;-0,135592786;-0,067572397;0,217287475;-0,043419116;-1,300536585;-0,015490613;1,044982773;-0,109809618;-0,015136969;-0,084389325;0,683541146;0,624658847;0,769832961;-0,648710578;0,084637829;1,054364141;-0,109887085;-0,032173892;-2,58318545;-0,090760497;-0,081646689;-0,743951605;1,43525581;-0,045917548;-0,050905717;0,727725026;-2,23104202;-0,854614416;-0,02369982;-1,083206725;-0,340354499;1,227757264;-1,69890673;0,030190028;-0,14703771;0,822755449;-0,132793766;0,031916816;-0,015052993;1,284000388;-0,080793329;-0,017670393;-0,139283943;-0,728480985;0,307041725;-0,06169055;-0,074770442;-0,691929604;-0,134515655;2,416521631;0,395875968;-1,750096715;-0,12503169;-0,088081629;-0,025689415;-0,726499121;2,179071722;-0,209652449;-2,790362973;-0,108825915;-0,084753331;0,021973752;1,836501521;-0,06528777;0,448613754;2,387780498;0,656427043;1,20780334;2,155740286;-0,17364074;-0,097789972;0,715465605;-0,13814295;-0,065023079;-1,090440536;-0,086315031;-2,56190972;-0,130648565;-0,106555287;-1,724370088;-1,356940377;-0,063665738;-0,015436849;-0,086951416;-0,148391886;-0,446149652;1,338414639;2,148952912;-0,852453926;-0,084895647;-0,073167675;-0,144296856;-2,136489342;-0,112526914;-0,330621963;-1,107124731;0,022797757;-0,067845335;-1,831834384;0,068819055;-0,553371957;-0,066821123;-0,258515727;-0,123593159;1,755124713;-0,014915972;0,583342135;1,355882608;-0,058314112;0,954747938;-0,079687942;0,661057056;-0,145664788;-0,027648967;-2,211434883;-0,094815409;0,769709248;-0,069834523;-0,882233156;-0,066226672;0,019015623;-0,183037856;0,615735993;-0,252371194;-0,110865308;-0,878857843
-0,307366442;-1,715005975;-0,146335019;-0,074932093;-0,12125063;-0,135883571;-0,135073281;-1,988663325;-0,034002789;-0,018829735;0,858434777;-0,105268947;0,067549381;0,442384407;-0,08385024;-0,079518501;-0,127175702;-0,445142068;0,01151186;-0,769766897;-0,129051364;0,003999693;-0,153701149;-1,716542064;-0,113785726;-0,117478793;1,955689596;-1,234820602;-0,085429625;-0,095537724;0,980472165;-0,978695701;-0,069502833;1,208559617;0,006733569;-1,453232524;-1,034766587;-0,165158157;-0,103055094;0,450823037;-0,009490279;1,511810876;-0,006421127;-0,966224465;-0,108585404;0,503041709;-0,116929106;0,093113692;-0,147726668;-0,295954768;-0,831351116;-0,002432761;-0,59874427;-0,085480192;0,001137051;-1,157236063;-0,125870256;-0,139738691;-0,336126611;-1,593256843;-0,403071496;-0,180875871;-0,552242788;-0,525385304;-0,838210053;-0,163290253;-2,352855341;-0,093480841;-2,79140026;-0,42386324;0,334046336;-0,074169244;0,079828877;-0,130714066;0,005788029;-0,032657556;0,264146118;-0,137167719;-0,066379086;-0,160746162;-0,035940354;1,902056332;0,004110958;-0,152617894;-0,327798059;-0,059879293;-0,111734323;0,442620437;0,279346501;-0,087621593;-0,13657207;-0,05535243;-1,632376647;0,998413173;-0,040194346;2,930838321;-0,077007748;-0,124756048;0,000705624;-1,371717448;-0,081433338;1,317637507;1,301499098;-0,458899723;2,239862532;-2,814505537;-0,918549952;-0,118369565;-2,503448995;-0,147206823;-0,119632809;0,08952806;-0,154338644;-3,296891121;-0,132533735;-0,140089156;0,052776635;-2,165947035;-0,066509233;-0,047914592;-0,105865199;-0,160694246;-0,664424425;1,767487754;1,20546458;0,846515533;-0,142774882;-0,142346848;-0,116988788;-0,106502754;-0,120806581;0,758883817;0,063149365;0,034076678;-0,073322971;-0,336384171;2,096326368;-0,231726625;-0,086238534;-0,231049639;-0,152137023;-2,268029285;0,032929541;0,623547795;0,924589063;-0,160130499;0,225915618;-0,109842954;1,163021989;0,35344377;-0,032712768;1,510831174;-0,106792401;-0,319053726;-0,088669729;-0,036764938;-0,039259978;-0,049572504;-1,176966587;0,042024437;0,282453324;-0,121136629;0,980259894
-0,159048962;2,278505085;-0,049899151;-0,023819223;-0,046359105;-0,074436144;-0,079015429;1,846322794;-0,015137758;-0,056632019;-1,51097451;-1,99296225;0,178462653;-1,045101138;-0,086029898;-0,099764041;-0,031568591;0,28294952;-0,003336618;1,01720548;-0,10133044;0,015383877;-0,063592108;-1,518387049;-0,04943658;-0,066602848;2,261179083;-2,173324313;-0,079499229;-0,081426362;0,191013077;-1,774758768;-0,047670662;2,110599055;0,01966732;-2,558223843;0,184448096;-0,05602938;-0,05777631;0,543526408;0,042747265;-1,705208884;0,028283765;-3,032531375;-0,040545737;-1,958066484;-0,091182904;-0,945633739;-0,28484376;0,002728309;-0,177218708;-0,205726798;2,196055126;-0,082969932;-0,001161623;0,39991747;-0,064437163;-0,080746817;0,463489036;1,889149412;-1,26497149;-0,073926091;-1,453349121;0,870565969;-1,47421606;-0,121542934;-1,099920989;-0,247518571;-1,442162369;-0,322096479;-0,285083474;-0,095798722;1,120804713;-0,048471521;-0,275225245;-0,037792719;0,742191973;-0,025350369;0,029590597;-0,051246511;-1,949421462;-1,102451258;-0,010698849;-0,063552903;-1,500361135;-0,091021584;-1,879808408;0,911177932;2,914100989;-0,087898211;-0,106207944;-0,049608374;-0,609371043;-1,279427183;-0,002374018;-1,693474739;-0,065290211;-0,097178578;-0,055873277;-0,775896753;-0,085266522;1,820674326;0,655601907;0,295155929;2,977091172;0,735475453;2,174937129;-0,049435156;0,967392588;-0,113244721;-0,042019889;1,260748061;-0,092429926;-2,883738153;0,00305338;-0,041924016;-1,580449706;-3,121813174;-0,014532824;-0,011175249;-0,044119546;-0,101571888;-0,163705758;1,939001472;-0,785270609;1,753555835;-0,053344484;-0,038748853;-0,036608172;-0,956456381;-0,027516101;0,777685797;-0,503117804;0,045503683;-0,030711794;0,916708969;-0,144678616;-1,742470572;-1,182289647;0,19119062;0,037871092;-0,468627083;0,008232827;-1,122060655;-2,515822815;0,007338443;-0,704262969;0,013336694;-2,575974853;2,546617372;-0,145266848;0,768202811;0,055470714;-1,909542333;-0,024308527;1,703452264;-0,041177973;-0,027108623;0,660767022;-1,328958548;0,366635378;-0,09264963;3,474482394
-0,306912169;-1,068536281;-0,205296978;-0,131568987;-0,234636879;-0,184948111;-0,185792632;0,135912231;-0,002836866;0,001551957;-1,819110089;1,798401571;0,379653255;0,666272169;-0,205995474;-0,226573402;-0,104596788;-0,53415223;-0,011708315;2,703400836;-0,239321916;-0,037274921;-0,194193099;2,274896932;-0,206629021;-0,186202181;-0,435678538;-2,051344476;-0,178739375;-0,153744385;0,470210447;-1,869266085;-0,138362739;0,755007369;-0,049069581;0,6705017;-0,90592047;-0,193595515;-0,206321937;0,942160946;0,041747244;-1,592968212;-0,016484607;-1,778664778;-0,208447254;-0,63220562;-0,183143018;0,22942479;-0,645427454;-0,116740511;2,36974729;-0,306247973;-1,949636218;-0,170480913;0,019987246;-2,319462568;-0,161500985;-0,188618059;-0,68980617;-0,43397831;-1,7266998;-0,40808277;1,035309772;-0,242343605;-1,21583584;-0,245745097;1,014086624;-0,523586468;0,821295191;0,94564464;0,120377813;-0,20997597;-2,691362612;-0,165113786;-0,242387199;-0,023305705;1,552308566;-0,162440799;0,028571348;-0,196577048;-1,40781144;-0,399893926;0,008400504;-0,234110278;-1,698642454;-0,186857083;-2,035251435;0,33751168;0,299202307;-0,183318633;-0,24127539;-0,037107556;0,052890088;2,604464348;-0,224815483;0,792788437;-0,223850224;-0,221901191;-0,010000828;-1,824181084;-0,178570399;-2,462512824;-0,038022754;0,812594616;-3,852787554;-0,685218798;0,340373048;-0,195006752;1,964533561;-0,180940987;-0,175369893;-0,468163541;-0,198211281;1,377410481;-0,082467146;-0,183826379;2,266520714;-0,228080245;-0,222231951;-0,04825036;-0,237833424;-0,188469017;-0,330179551;-0,202737918;0,343012521;0,121345765;-0,240126736;-0,24969201;-0,16580503;-1,01304511;-0,226412783;0,499979424;1,561460651;0,00325112;-0,082778611;-0,955098808;2,638019919;0,111254969;-0,126251983;-0,254915325;-0,313308709;-0,33380814;0,010803153;2,515138628;0,566358492;-0,66658766;1,416076566;-0,160795388;1,650110903;0,610074472;-0,17481717;0,804495558;-0,360051678;1,113938375;-0,168634584;1,869306716;0,022000854;0,01930989;-0,719823546;-0,556693619;0,216364852;-0,19839572;-0,975507827
-0,308034683;2,740963292;-0,188537297;-0,115430687;-0,172540388;-0,186571816;-0,187102793;-1,230212306;-0,046697129;-0,035257481;-1,108119846;2,805581444;0,205987811;-0,724155783;-0,124644083;-0,180931622;-0,073718296;-0,810781111;-0,028128432;1,078119428;-0,117225749;-0,042268932;-0,130463025;-0,072607387;-0,198973093;-0,176683496;-0,257655047;-2,027642851;-0,109338465;-0,122356249;-0,345402501;-0,546904336;-0,101123584;-3,209706892;-0,047568142;-0,222761537;0,11871685;-0,228562296;-0,154480701;-0,455715668;-0,040832822;-0,130403264;0,035307159;-0,154390888;-0,160907984;1,544025539;-0,150502104;0,207492213;-0,968228614;-0,35922871;0,921615059;0,240727713;0,265734462;-0,165517367;-0,03119859;-2,662564246;-0,156170661;-0,147172623;-2,011409614;1,936279952;0,670817407;-0,126039728;-0,839831241;2,244342773;2,144003119;-0,202181087;-1,894760441;-0,395656577;1,462121967;0,993246063;0,202274434;-0,113846852;-0,819511717;-0,171536558;-0,146745972;-0,034446355;-0,332523666;-0,169972509;0,017002705;-0,130595594;-0,460908254;1,237927808;-0,001762036;-0,165466012;-0,965857221;-0,10819482;-0,224192154;0,544227144;0,104040972;-0,173773381;-0,146751485;-0,048289803;-1,733018668;-1,761594819;0,084592701;-2,768985041;-0,152526269;-0,141148621;-0,05464464;0,444068961;-0,149960071;1,736953884;-0,665271405;-1,1347327;0,499171377;2,269653702;2,210137008;-0,140840351;-2,257761631;-0,125924829;-0,175410099;0,333103024;-0,194071742;0,160874117;0,000912036;-0,158305957;0,797339603;-1,361373848;-0,148227736;-0,042950436;-0,184367751;-0,159345961;-0,063270847;-2,386710657;0,959755828;1,089782222;-0,162703958;-0,149869304;-0,134229601;-0,801574109;-0,168085856;0,655257898;-0,323379566;-0,030997902;-0,088517722;-1,169078822;-0,494839069;1,788491209;0,368313201;-0,100004404;-0,132448255;1,500819722;0,02719325;0,740508512;-2,183819576;-0,284621312;1,765479857;-0,118208474;1,762512257;1,326645054;-0,058749788;1,318732659;-0,293975339;-1,007587615;-0,160887796;0,778871766;-0,005743803;0,025481027;-1,884962953;-0,469876489;-0,365476711;-0,195007795;-2,761860298
-0,299974292;1,46475404;-0,140964012;-0,158549731;-0,081351796;-0,087513566;-0,07767384;-2,499607742;0,010452587;0,002685354;-0,84399375;0,818852456;-0,350377006;-1,435359311;-0,088995539;-0,088424312;-0,094100353;-0,032368399;0,024592689;-0,425316483;-0,155242457;0,041596716;-0,150393156;0,583936878;-0,084731261;-0,16225079;-1,094989498;1,341558057;-0,105487173;-0,098886443;2,647123646;0,215355999;-0,0617438;-2,309287789;-0,043612391;2,377271175;1,437023387;-0,175053241;-0,110835828;-0,822180738;0,019181425;0,101061991;-0,033415106;0,525236347;-0,084377092;0,510723863;-0,144016653;-0,141978946;-0,59183436;-1,088557888;-0,49714539;-0,228731666;1,572236524;-0,109650714;0,030357945;0,329728664;-0,096395479;-0,144473483;-0,47459269;-2,072939442;-1,228851226;-0,086366831;-1,833679485;1,425396686;-0,158120272;-0,083401184;-2,436509063;-0,319590754;-1,39858516;0,855312347;0,687749617;-0,16742628;-2,644188893;-0,078863883;-0,145390424;0,017132006;-2,295891553;-0,144519398;-0,027728607;-0,143873177;-1,301988712;-0,641207276;-0,048227259;-0,11989992;0,15907135;-0,116279446;1,184565264;-2,710725921;1,193391815;-0,118380764;-0,155117078;-0,059867399;0,151434201;2,194271975;-0,132666164;2,79337042;-0,100426269;-0,105691398;-0,011660453;1,319875708;-0,070605438;-2,68741424;0,645429973;-1,187372378;-0,549699578;0,799494913;-0,528368538;-0,119550711;-0,902223987;-0,105153127;-0,151219356;0,689476922;-0,126606646;-3,013763453;0,033764551;-0,061988106;-0,791739905;1,459579873;-0,149337688;0,002493096;-0,122451121;-0,120487323;0,442221509;-1,135112415;0,31810352;-1,245931004;-0,146262627;-0,092269962;-0,163894833;-0,805353371;-0,104440672;0,019483945;-1,13183533;0,070395621;-0,059280228;0,900832911;-0,887698349;0,024918282;-0,560534154;-0,237159579;-0,040279396;1,562866769;0,031159173;-0,395549015;0,143435999;-0,355325669;-0,20478023;-0,096733096;0,89215508;0,485410855;-0,047505359;1,425661224;-0,103730106;-0,112108729;-0,136531745;2,335237475;-0,043719863;-0,021001166;-1,434542946;-0,205347144;-0,351454243;-0,106552381;1,199626402
-0,447076748;-2,67485094;-0,137038133;-0,084522892;-0,152749084;-0,148791336;-0,170184357;-0,034282866;0,006254898;-0,027807794;-0,742418307;0,854588583;0,070911497;2,615706681;-0,201292402;-0,208202043;-0,131503291;-2,536428244;-0,000487496;-1,008409352;-0,175691819;0,0059231;-0,16823668;0,510868897;-0,153721222;-0,177388617;-1,877732439;0,792968798;-0,162174227;-0,06139429;-0,770266034;1,623744602;-0,151594386;-1,656110487;-0,019121183;2,028916522;0,824927877;-0,116826315;-0,180507043;-1,098544785;-0,002720777;-1,134186133;0,016504024;1,020322392;-0,187491919;1,654244188;-0,189343267;1,096127662;-0,568225525;-1,08658031;0,939466258;-0,186223452;-1,399613449;-0,129552684;0,021262388;-1,755724793;-0,145460566;-0,207572218;-0,435548509;1,853557535;-1,084567664;-0,149349703;-0,015814068;0,661555883;-0,184567253;-0,1988769;2,331407697;-0,930987743;0,390989195;1,872130576;-0,381694108;-0,147370733;-0,632160132;-0,156344654;-0,265795116;0,0082572;-1,052782798;-0,110852535;0,029958604;-0,188928669;-1,788380674;0,834955767;-0,055517653;-0,146614903;0,731211869;-0,129626041;-0,206183664;0,585519187;1,38653249;-0,175908997;-0,133716271;-0,037889167;-3,271748101;0,157051683;-0,066273768;-1,188900094;-0,195489267;-0,156597173;-0,060695237;-1,78278441;-0,18502755;-1,836797554;-1,221078798;0,421289174;2,687432647;-1,511994363;-0,351601836;-0,15478863;-0,431013377;-0,138071344;-0,128035191;2,505046208;-0,143188501;0,444746908;0,025341084;-0,127031373;0,36095115;-0,712219244;-0,131344525;-0,028851083;-0,214915877;-0,141718034;0,089218885;1,699173477;-2,304055642;1,868724024;-0,127756644;-0,213076934;-0,154262104;0,316496002;-0,141933893;0,135983167;1,855713885;-0,061796909;-0,136691522;0,61530554;2,274443608;0,549479319;-0,429230749;-0,311619468;-0,202613808;1,513162403;0,03178612;0,746005536;1,446371617;-0,154589954;-2,129369416;-0,140379909;0,682496276;-1,031484177;-0,126859174;-0,891451952;-0,186336718;-2,112227616;-0,194784214;-1,958967309;-0,035045891;0,047118069;-1,034835967;1,897721452;-0,117334849;-0,208932632;0,144758206
-0,340494822;-1,085992651;-0,107715581;-0,089734174;-0,153060592;-0,142866705;-0,125266129;-0,279054028;-0,044951207;-0,04452674;1,152315613;-0,000818073;0,083011139;0,262459248;-0,156960949;-0,134400058;-0,085172335;0,737237877;0,026985237;-0,468184304;-0,085639888;-0,009613724;-0,144886699;0,775146921;-0,16232578;-0,13719117;1,231382023;0,05871192;-0,103458275;-0,125898526;-0,341697858;-0,214202346;-0,058053936;2,963919418;0,003196358;2,006377089;0,404678687;-0,139257138;-0,08766279;-0,440939495;-0,029404168;-0,755805379;-0,013077902;-0,363461348;-0,116294359;-0,686920348;-0,130428336;0,574484115;-1,000221777;0,048455949;2,964974582;-0,085140686;0,248327632;-0,123089256;0,040466001;-0,23179965;-0,071081903;-0,158736268;-3,260576787;1,129478414;-1,205194037;-0,032591092;1,506015876;-2,156003901;1,502713244;-0,137654174;-1,370700371;-0,076983207;1,141265159;-2,014114025;0,462372654;-0,15743288;-1,172333951;-0,145828093;-0,262420711;-0,042346612;-1,165925954;-0,094190982;0,021914507;-0,107398746;0,342046397;3,212541148;-0,012590097;-0,127861061;-1,42894748;-0,134133212;1,270320408;-0,458982421;0,537530573;-0,095894398;-0,157085584;-0,001196857;0,576597934;-0,08988797;-0,06186138;-1,022401093;-0,138785329;-0,15576953;-0,037688809;-3,020921946;-0,140359077;0,854816027;-2,056464104;-0,264014512;0,532979708;0,104912718;0,631380121;-0,075088639;-1,114894481;-0,139701841;-0,125745803;-2,003308154;-0,132331697;1,135390797;-0,054741212;-0,107966485;1,186004046;-2,736886629;-0,112390557;-0,050675436;-0,086658354;-0,086176242;-0,107437726;0,819830315;-0,918789765;1,56474884;-0,074956309;-0,163107259;-0,148071744;1,331711144;-0,096392206;-1,721847325;-2,848275676;-0,038414919;-0,131181642;-0,727188823;1,63458426;1,195910096;-0,398896261;-0,086658427;-0,221895909;0,737095068;0,035865103;0,280784645;-0,203673375;-0,40044776;-2,720041563;-0,070050896;-2,61327577;1,044543287;-0,049323706;-1,662678087;-0,288502043;-0,849840383;-0,1233279;0,71264203;0,012829487;0,073410801;0,027557806;-0,594470731;-1,271485924;-0,150396964;0,26244474
-0,378549573;-2,266195579;-0,207744221;-0,136710717;-0,162857547;-0,207550588;-0,232959475;0,411886167;-0,034901513;-0,068905937;0,598829935;0,666094311;0,478651061;0,556354282;-0,180877616;-0,162652368;-0,142905551;1,788562308;0,012736195;1,217481856;-0,160872566;0,01460485;-0,174058544;-0,147845522;-0,214807839;-0,219956592;1,711159226;-0,275079367;-0,168501575;-0,117607328;1,618104389;2,621856825;-0,181963822;-1,094109369;0,011260734;-1,227339999;-0,161981346;-0,170579565;-0,214936499;-0,979188473;-0,025467624;-0,856244334;-0,018544755;-2,529827691;-0,212962073;1,396297611;-0,145916639;0,329682301;0,282565508;-0,481667902;-0,619513596;-0,194560223;-0,504086714;-0,208469349;0,040235261;-1,595740135;-0,136011952;-0,193877468;-2,184319183;-0,088522623;1,102292552;-0,291532896;-1,645367953;-1,551083291;2,123118301;-0,178451145;3,041499639;-0,613490273;1,25106585;1,266983064;0,297410912;-0,172378751;0,719971694;-0,211102901;-0,686321568;-0,031500332;1,970132121;-0,164372877;0,011161509;-0,16106348;0,570376797;1,504848311;-0,040267706;-0,181824329;-0,767685114;-0,176472919;-1,457753295;0,692831418;0,285446236;-0,170826417;-0,193792953;-0,040305941;2,325818766;0,234065326;-0,027353602;2,673278647;-0,169408796;-0,200641755;-0,030502629;0,407475687;-0,142177141;-2,201616656;-0,957807737;1,201776479;-0,662448123;-1,350990571;0,133739326;-0,154965713;-2,034909671;-0,175979351;-0,216968991;1,768267605;-0,158399186;0,727001287;0,074818453;-0,136017725;-3,095546202;0,455517297;-0,13987675;-0,063723135;-0,207980806;-0,226651943;0,488083747;-0,60402454;3,846647186;-1,568131725;-0,151803933;-0,234258488;-0,216844212;0,121384027;-0,209201005;-2,73915913;-1,362231832;-0,013147313;-0,152132854;1,422978344;-0,653153526;-1,286613223;-1,368581674;-0,168678538;-0,301957531;-0,231409429;0,033214619;-1,557040042;1,068798239;-0,097004044;-0,837062823;-0,073760285;1,330296745;1,36807731;-0,15302421;0,531147515;-0,187965319;-0,841644071;-0,209475581;0,703030462;-0,020989796;0,026549262;0,055223381;-0,670511711;-1,562739922;-0,182791418;0,081500454
-0,235640311;1,62941207;-0,137173917;-0,130856537;-0,17464428;-0,14667145;-0,127727417;-1,899221117;0,009040345;-0,02572478;-1,734824845;0,788161476;0,023964031;0,904917738;-0,161427351;-0,152620623;-0,077835669;-0,026105655;-0,032334936;-0,7267734;-0,141189572;-0,021719053;-0,207939554;2,142510442;-0,158739352;-0,187444563;1,108222457;-1,22570615;-0,131439988;-0,20608735;2,138405812;2,691887202;-0,109178279;2,34068257;-0,018144288;2,27848625;-0,985341487;-0,094603345;-0,160376773;-0,903673444;0,027893318;-1,876864408;0,031384152;-1,398419848;-0,181840498;-1,579502016;-0,151341545;1,159539264;1,021566141;0,39945526;1,475059804;0,100761132;-1,636561596;-0,201128727;-0,01701796;3,064444959;-0,124851177;-0,190222708;1,242998567;-0,864819415;1,787432103;-0,283066882;-1,897585501;0,821269717;-1,831446994;-0,190289661;-2,579781696;0,203673499;-0,171670044;-0,416730221;-0,554659095;-0,192822005;-4,072457597;-0,152408715;0,574394505;0,022890831;-2,194005038;-0,178526862;-0,026192123;-0,177941396;1,843630926;0,435623472;-0,059912067;-0,137008675;-0,392028889;-0,126043061;-0,732439036;1,28773521;-0,664950655;-0,126486499;-0,127368047;-0,04648077;-3,272081227;0,400697549;-0,118134656;-1,963639504;-0,186738915;-0,11038799;-0,068674173;-1,487304748;-0,145673052;-2,40734748;2,377120333;-0,129814659;-1,151101942;-1,921064719;1,091652294;-0,109004413;-0,876749896;-0,136576244;-0,181439041;0,991555213;-0,17652659;1,823688006;0,003903641;-0,119460734;-1,669337507;-1,34915365;-0,163409538;-0,040015051;-0,12832808;-0,178912242;0,286052636;-1,050425721;-0,303785134;-1,205803434;-0,170139577;-0,174233002;-0,136303109;-0,541722129;-0,114695192;2,500061809;-0,215899347;0,053227453;-0,087596352;1,926247123;-2,359685329;0,311569895;0,05106174;-0,266490739;-0,203684;-0,412520149;-0,011763196;-1,668181224;-0,335084577;-0,346462947;0,018055294;-0,007162264;1,557856981;1,492328094;-0,213284638;-1,812253497;-0,284715907;-2,710905101;-0,118231716;-1,803429435;-0,012581434;-0,003843184;0,826194774;-0,406854064;0,52486287;-0,128743199;-2,384714714
-0,31832723;-0,237749724;-0,116654083;-0,112951329;-0,15661512;-0,091709754;-0,140678708;-3,832304671;0,031995007;0,01697648;1,215791766;-0,86222806;-0,10033035;1,295053337;-0,164139703;-0,152864644;-0,07725372;1,831081126;0,018785482;-3,052124125;-0,102041527;-0,026992443;-0,130489806;-2,317669022;-0,169854803;-0,152726934;1,428216431;-1,465251847;-0,162048486;-0,062850125;3,635654631;-0,40359822;-0,085384154;-2,562674003;0,033411057;-2,368500252;1,804821684;-0,168125655;-0,116670909;0,758108603;-0,036628668;-1,088957531;-0,002216204;0,059057645;-0,170322041;-0,930508848;-0,127300445;-0,44626773;0,918511836;-0,278739433;-2,284983571;0,443768597;-2,02195291;-0,169319398;-0,0259374;-1,39824143;-0,120872043;-0,166311033;-1,652982069;-1,002058626;-2,742794759;-0,160829836;-3,063629001;2,617652815;-0,411141617;-0,162858408;-1,517414112;0,425242029;-1,687620463;3,644684528;0,269368107;-0,123441289;1,096269117;-0,157310342;-0,324401199;0,038012681;-1,439222902;-0,16102082;0,002608159;-0,171450948;2,432177254;-1,884555845;-0,009234394;-0,155432672;-0,330439874;-0,090600095;-1,097088072;-1,141526382;-1,628626305;-0,126026831;-0,087653845;-0,017806495;0,593643622;-2,95518194;-0,170823985;-1,324483953;-0,085818443;-0,148010355;-0,040083831;0,443240232;-0,127964456;1,727134171;-1,152967722;1,139513302;1,615940605;-1,566569098;0,712402931;-0,087942524;2,624247857;-0,115194039;-0,162978034;-1,89409669;-0,132232167;2,857224749;-0,072650904;-0,139997208;3,048260225;1,232696619;-0,15934143;0,007628165;-0,126725676;-0,135594856;0,175458156;2,634938187;2,394194065;1,29973349;-0,133473486;-0,096681864;-0,142023801;-1,894327719;-0,101310147;0,043538175;-1,227590617;0,046701446;-0,193299069;2,782777073;1,478033184;1,69746057;0,424339792;-0,167700838;-0,025703575;-0,05872351;-0,03105992;0,740367965;-3,314457168;-0,286264475;0,956589065;-0,081980816;-1,054569128;-1,592033484;-0,193124992;-3,657818802;-0,138892765;1,104800192;-0,141590899;1,004838017;-0,044434645;0,01604218;2,359457762;0,816310805;-0,804430909;-0,171810346;-3,807149449
-0,255379021;-1,936122233;-0,105164308;0,014690249;-0,104590234;-0,030827471;-0,069391733;1,16236926;0,024047231;-0,022977374;-1,861916496;-0,508382676;0,301793521;0,79798002;-0,043254634;-0,032217815;-0,047328864;0,832882078;0,036629997;-1,693966263;-0,023932494;-0,020448876;-0,107924078;0,792065047;-0,077172726;-0,062916734;-0,867640043;-1,325318014;-0,069866404;-0,020914984;0,880018355;-0,048176727;-0,060672529;-1,057067859;0,012247117;0,322985647;0,742700647;-0,083306363;-0,063627425;-0,736650537;0,002330081;1,549571141;0,022058818;0,089321428;-0,048910124;0,429960819;-0,047047597;-0,068002084;-1,753752073;-0,862630491;-2,045028668;-0,236599314;-0,574638461;-0,044754182;0,013370367;-1,332455541;-0,085264294;-0,098324152;-0,566495912;0,308487508;-0,872444652;-0,094264689;0,61274563;1,350469854;2,411920627;-0,049829513;-0,650334186;-0,45543456;-2,189909027;-1,214625582;0,295922236;-0,091118628;0,799065611;-0,028887501;-0,525250229;0,012705632;0,207085839;-0,060711325;-0,03783893;-0,072382665;1,166883649;-1,014457746;-0,039429579;-0,023729846;-1,763213453;-0,064089123;-2,590458466;-1,521260365;0,032851933;-0,02526717;-0,083692054;0,00213166;0,432049748;0,009802251;-0,186764278;2,349736274;-0,064625613;-0,067209334;0,022990961;-0,956441211;-0,09076558;2,219791495;0,515763161;-0,843470088;-0,236227455;-0,565801499;2,885952551;-0,031781431;1,641645013;-0,0600421;-0,100303519;-2,450145118;-0,100882634;0,830353038;-0,051251318;-0,019768413;-1,541727127;0,093061748;-0,037859194;0,006243765;-0,053794105;-0,066813617;0,201855295;2,687196306;-1,234155955;-2,344834922;-0,073535735;-0,085655484;-0,085952276;-0,411426504;-0,075075996;0,006892369;1,910013706;-0,02047677;-0,034985264;-1,528689484;-0,841361931;-0,770925883;0,071638219;-0,142268137;-0,175346185;-1,381449593;-0,01877982;-0,510885671;0,217584762;-0,074395121;0,207193833;-0,082289885;1,486098959;-1,078168248;-0,152001887;-1,435959141;-0,037957478;-0,127598824;-0,077419543;-1,495597663;-0,009447428;-0,003653484;0,106704474;1,305735872;-0,308296853;-0,056593808;0,263123074
-0,265047213;-1,444880323;-0,141041887;-0,090268858;-0,141053943;-0,101068002;-0,146675603;0,510862182;0,047570003;-0,009526074;0,693474734;-1,47029816;-0,256375958;-1,54783661;-0,125384405;-0,078215942;-0,107824943;1,192040141;0,02440226;-1,404301997;-0,111109111;-0,00105782;-0,155934104;-0,890498515;-0,09448467;-0,139485132;-1,571488248;-1,614421926;-0,080242962;-0,122331452;-0,501533535;-2,234123749;-0,060844254;-1,214440209;-0,009230126;0,238793876;-0,502900765;-0,061182381;-0,077835797;1,274253285;0,02082493;-0,218667436;0,024904122;-0,543797596;-0,091742492;-1,076965919;-0,139642978;0,03021159;0,681893965;-0,387071097;2,031906028;-0,027236467;-2,983266674;-0,077669642;0,00232495;-1,380267531;-0,086213219;-0,11011995;2,113437203;1,296996339;-0,724397783;-0,284776484;-1,438414602;-2,165730041;0,794668579;-0,122376222;0,286052835;-0,251179126;-0,112583293;2,79170891;0,483819128;-0,152572644;-0,391951272;-0,150496574;0,437937597;-0,015342119;-0,594503707;-0,136557477;0,001489452;-0,148166858;2,707753983;-1,576536327;-0,023597439;-0,078862004;-1,797184861;-0,148449384;1,42186246;1,58418996;-2,786564668;-0,071821512;-0,157979962;-0,01061904;-1,685670571;0,285472157;-0,230370727;-0,874776662;-0,114525217;-0,073875886;-0,051457934;2,179581602;-0,135130997;-2,121777656;-2,53064117;-1,018390098;-1,048643962;2,490622325;-1,921505626;-0,117620517;2,786942785;-0,108371662;-0,099242894;-0,431564116;-0,123881167;0,662323902;-0,081501973;-0,097465197;0,432167127;-0,86552089;-0,102269742;-0,038385234;-0,105254328;-0,121519126;0,211719962;-0,020583682;0,352076228;1,687431703;-0,099827761;-0,131273842;-0,134887926;0,781486114;-0,120605859;0,812984759;0,013040909;0,049532186;-0,060480546;1,848052097;-1,475100872;-0,309010392;-0,702562083;0,014053519;-0,095587877;-1,846583407;-0,001348592;-0,52441476;0,683814563;-0,009293301;-1,999530983;-0,053129248;-0,339089833;0,526378839;-0,111497359;1,353972356;0,111345894;-2,140481145;-0,13354641;1,40168377;-0,018340272;-0,041221206;-0,295028505;-0,329076236;0,196883661;-0,11601058;1,122985519
-0,297069168;-1,637527067;-0,152610145;0,003468918;-0,060417507;-0,077419116;-0,10549148;1,102018448;0,015436025;-0,051948751;1,270629133;1,179555221;-0,267664893;0,355202356;-0,080114534;-0,105378569;-0,120088679;-0,906789395;-0,012671364;0,956645937;-0,122073053;0,001431531;-0,140712814;0,207398447;-0,143291853;-0,1146517;0,160559358;2,56431364;-0,111273814;-0,166143559;0,357043933;-2,057685819;-0,09173043;-1,227763274;-0,040746929;1,307844181;-1,008581962;-0,189668774;-0,096350142;-0,043657128;-0,007704414;1,271115423;-0,029466122;-1,145949479;-0,078057497;-0,438347554;-0,119965099;0,114892394;1,040786884;1,11047017;0,177773711;-0,322030285;-1,859998085;-0,101063193;-0,03952414;-1,365525312;-0,112386187;-0,132121714;-0,05091664;1,461880798;1,754302655;-0,091643687;-1,723999876;-2,983613138;-2,557526913;-0,120277062;-2,064406604;0,289524661;1,897061954;-0,187742066;0,520158234;-0,11776886;-0,526564222;-0,08320813;-0,505555833;0,01506581;2,197568065;-0,128289138;0,012322315;-0,10411672;-1,710974083;-1,49749138;-0,061948716;-0,073238142;1,148899727;-0,092054902;-1,089960636;1,32450337;0,491896342;-0,065176314;-0,078637859;0,003975102;0,02977378;-0,661771978;-0,219357718;-2,380367427;-0,122435562;-0,1285787;-0,045574939;-2,142046397;-0,109410469;2,602672061;0,750177796;-1,610338441;0,371394035;-1,603816924;-1,323222478;-0,044879735;2,241513653;-0,094318749;-0,098040944;1,143676633;-0,083516813;-0,119720587;-0,001481054;-0,132167478;0,935416829;-0,517376523;-0,060010375;-0,053529648;-0,076322421;-0,112930561;0,110354443;-1,451741077;-1,142002098;0,080816751;-0,066438809;-0,120899426;-0,126087088;-2,31533744;-0,143363697;0,999680481;0,58620784;-0,040537956;-0,155020251;-1,927445223;-3,147776638;1,441297338;0,25381561;-0,366940287;-0,120971302;-0,390361797;-0,01281854;-1,289293227;-0,887805474;-0,008182076;0,819850197;-0,051822655;1,674528765;-1,034660024;-0,117070958;1,337492471;-0,267187127;-2,649043182;-0,075251855;-0,87604613;-0,027326052;-0,008185819;-0,895982593;0,138207173;0,260905695;-0,119515037;0,413644089
-0,424089355;0,21580852;-0,153211506;-0,115253943;-0,112402408;-0,171202949;-0,111549618;-1,21336576;-0,053376327;0,011524737;-0,167643036;-1,62844661;-0,369003967;1,443851181;-0,141115268;-0,111614838;-0,05919646;-1,962384502;-0,012938934;-1,571319729;-0,123242663;-0,011299272;-0,127867893;-1,2412464;-0,131192562;-0,127598206;2,857142812;-0,027674944;-0,140925206;-0,08663319;-1,696462452;1,743400094;-0,107786081;-0,080210689;0,012713196;0,118761225;0,987109498;-0,19712245;-0,184120992;-1,286022922;-0,033898005;2,955813032;-0,033328918;0,876323894;-0,19801735;-0,027607951;-0,117769281;0,045032565;-0,964376475;0,659854605;-1,549624364;-0,048319132;-0,999708022;-0,197025423;-0,014461864;2,024140699;-0,102135981;-0,16575528;-2,003530055;0,247990406;1,169650855;-0,221068985;-2,037595154;1,380001809;-0,707014693;-0,106207651;1,296414148;-0,030972082;1,051723481;-0,795471053;0,013068364;-0,14838987;1,554860533;-0,134436349;-0,31226368;-0,04010166;2,501061183;-0,109693883;0,005120155;-0,111539417;-1,270532983;-0,350211542;-0,019498716;-0,185933183;0,187729266;-0,151870152;-0,303932672;-0,33054557;1,026361852;-0,094895707;-0,11275338;-0,068106287;-2,091382324;0,612732947;0,015708291;-0,520035618;-0,120045457;-0,186937803;-0,022238847;-2,309042974;-0,10246794;1,393782942;1,229222461;-0,197399466;-2,709351835;2,61336632;-1,480517828;-0,107754896;2,075657621;-0,162707444;-0,16670517;2,257879938;-0,136372543;-1,176608178;-0,012299647;-0,122378144;-1,049066533;-0,419376556;-0,175576123;-0,054266776;-0,123481182;-0,116203588;-1,021027393;-0,710848028;-0,559985823;0,355711542;-0,133681675;-0,186357142;-0,179953127;0,454321667;-0,123706155;0,842388395;-1,823448734;-0,050954474;-0,083505097;-1,639540199;1,546061658;-0,617569623;0,132631735;-0,379373978;-0,110301985;-1,331926018;0,005479851;-0,088019528;1,128588806;0,047352448;-2,145991594;-0,087361907;-0,05184076;0,399996443;-0,101804118;0,3055181;-0,168536855;0,142865;-0,1359138;-0,555873373;-0,041552291;-0,059956597;2,248168426;0,014384548;-0,615750441;-0,183731508;-1,183338162
-0,221623541;0,52423999;-0,080519168;-0,008722268;-0,021098984;-0,052064542;-0,077420369;0,215438639;-0,012599462;-0,038519883;-0,654715174;1,367805706;-0,121089341;0,482888421;-0,065057357;-0,043237432;-0,020252189;-0,942504504;0,025447132;-1,83133169;-0,003999072;0,034336066;-0,061579914;0,319687507;-0,051970255;-0,034334442;-0,705793135;1,423058775;-0,023746567;-0,061168239;-0,508460692;-0,039139536;-0,040803391;0,631232338;-0,058392835;1,094080831;-1,330799654;-0,063034272;-0,011350262;-0,648615556;-0,005272564;-2,136023269;-0,037712372;0,424891445;-0,087838737;1,107289329;-0,074287662;-0,83647605;0,188248392;-1,061545975;-1,251925906;0,186540922;-2,410548397;-0,019217794;0,041268527;0,435845453;-0,010063014;-0,08256368;0,481919731;-3,374411993;-0,295302082;-0,192833413;-2,316081958;-2,20034517;1,650846702;-0,015060434;1,358913613;-1,120306794;-1,271095516;-2,125329706;0,53346423;-0,029860301;-1,753875448;-0,019349518;-0,347580478;-0,032668208;0,939607705;0,006859677;-0,053018414;-0,055803033;-0,53687326;1,486481005;-0,03415716;-0,089872783;-1,48254867;-0,035623171;1,087187929;-0,267045671;-1,126994305;-0,002594869;-0,081449239;0,001527409;0,231222881;-1,327647291;0,222508397;-0,384198949;-0,059467303;-0,045668696;-0,039933375;0,302453787;0,004644905;2,189915711;-0,637977288;1,534396902;0,866493189;2,465294196;-0,962773991;-0,027799129;-0,026166406;-0,082863327;-0,018413772;-0,822918996;-0,085180384;0,889257868;-0,095400434;-0,026140188;1,521448408;-0,66991032;-0,074299148;-0,036347829;-0,069947115;-0,070235056;-0,40660536;0,935919236;1,202035666;0,561422335;-0,005617297;-0,059617488;-0,092240708;-1,634518554;-0,048721658;1,696862712;1,538044648;0,015898142;0,014478862;-0,253144042;-1,926071622;-1,132126372;-0,6399338;-0,127563616;-0,088369755;0,538025112;-0,041166066;-2,240233718;-2,279671593;-0,330184517;-0,235574783;-0,060171453;1,597123757;-1,263936351;-0,059803302;1,473811677;-0,040034965;-1,123052344;-0,003834218;-0,488182294;-0,043553142;0,009476121;0,332546974;-1,463146096;-0,346156473;-0,048455812;0,472239094
-0,066530974;-0,167236531;-0,043017315;-0,138665445;-0,069631059;-0,048858766;-0,072342369;-1,147400263;-0,052283078;-0,037136836;0,967801463;1,841156119;-0,118528707;2,18563454;-0,019152558;-0,06323922;-0,057953487;-0,94972079;0,042755045;2,13365023;-0,04291456;-0,01649044;-0,090556075;1,330597464;-0,065670792;-0,031537809;1,552753416;-0,585290086;-0,071695819;-0,007886349;-1,3722019;-1,092449375;-0,00896657;-1,018018417;-0,054659701;-1,278752176;-2,573558686;-0,078763948;-0,054029248;0,656249906;-0,013383218;1,727306537;0,027244969;-1,137419552;-0,080371383;-0,400662503;-0,025934619;-0,167927301;0,431481995;-1,009509716;-1,032602641;-0,20693308;1,221330264;-0,035569254;-0,031410101;1,739519107;-0,03612624;-0,045486617;0,866247603;-0,954749703;-2,400359343;-0,070161395;1,362476097;0,458668044;1,521585683;-0,087057418;1,162797264;0,11207721;-0,253578325;-2,389215328;-0,745380318;-0,091145452;-1,633105893;-0,021886142;0,107812973;-0,016751626;-2,525055577;-0,020604749;0,053940078;-0,023206371;-2,238395643;-3,837208739;-0,008151644;-0,026362816;-1,367866099;-0,031955588;-0,198197851;0,888442341;1,316864277;-0,021912959;-0,086506493;-0,044451506;-0,760581766;-0,643370279;-0,031879201;-0,84193276;-0,047514455;-0,032684882;-0,044546827;1,663941069;-0,084073218;-3,471810836;-1,729399156;1,121581398;-1,739556503;-1,249723853;-0,968588966;-0,00063929;2,378008619;-0,011642751;-0,065608913;0,099646658;-0,05241575;1,602354358;0,051098845;-0,048666007;0,965974153;1,57958309;-0,068739242;-0,004062033;-0,063409446;-0,088879428;0,116203966;0,332815487;2,685875438;-2,331840179;-0,079813715;-0,055642388;-0,035369863;1,225446331;-0,032368195;-1,570518978;2,906951401;0,037211479;-0,043269022;-0,985246653;1,451449709;-0,283005137;0,039133726;0,190429137;0,008433186;1,48643267;0,01842601;-2,709267511;0,238460942;-0,21994425;-2,022924621;-0,076691549;-2,8072646;1,759753763;-0,076966275;-0,381639942;0,218851929;0,307368939;-0,042129782;0,948623111;-0,055126964;-0,04736254;1,752914775;0,74462653;0,340698954;-0,090901928;-3,323119489
-0,340804102;1,201079363;-0,15970655;-0,162737073;-0,102383248;-0,114466762;-0,10559588;-0,476197145;-0,049188695;-0,023070449;0,002538637;-2,6512389;-0,309246625;-1,561141297;-0,128424405;-0,145430685;-0,088069282;0,502486348;0,020004986;-0,244146002;-0,076612689;0,029407033;-0,149891781;1,635775232;-0,102331885;-0,119325575;-1,235050577;2,425634431;-0,122094813;-0,08668432;-1,217516642;1,659446322;-0,052671268;-1,479989912;-0,052099972;1,584251493;-0,021545373;-0,077531996;-0,096394366;-0,7387492;-0,037842135;-0,290975241;-0,025822146;0,571412007;-0,156892638;-1,012159592;-0,120089053;-0,820071863;0,122438745;0,2256802;-1,770692613;0,125286218;1,86501325;-0,144870308;0,020391342;-0,33358714;-0,073232284;-0,115054222;-1,542023677;-2,773681377;1,315704881;-0,185038691;-0,159694136;-1,855801831;0,191444856;-0,095241033;-0,438020825;-0,610065784;-0,590645927;-1,165747884;-0,979729326;-0,086342718;2,674175254;-0,153543455;0,076249512;0,029996659;-1,477726856;-0,073258368;0,033651209;-0,078675259;-0,946325891;-0,412517422;-0,002784616;-0,122767551;-0,069535068;-0,075802637;-0,529210824;0,649948331;1,727874035;-0,121498018;-0,139486559;-0,009200885;-0,379991749;-1,212349264;0,038336165;1,250182229;-0,139581002;-0,074002539;-0,024096077;-1,876634536;-0,120087276;-1,992957241;-1,195817784;1,781668225;-2,528342873;0,211012013;-1,226498981;-0,136173728;-0,054950752;-0,162295564;-0,129707004;-1,379104576;-0,122220793;1,049107422;0,080625241;-0,067315404;-1,039100698;-2,526744553;-0,109168101;-0,014005655;-0,152857008;-0,108741204;0,27818522;0,283152362;-2,972891881;-0,7285482;-0,091266613;-0,140543679;-0,126404761;1,762049046;-0,078172317;-2,014741057;1,502980413;0,01084074;-0,105000898;-0,656667367;2,399056836;-1,219152682;0,0106363;0,017615374;-0,182301296;-0,318435345;0,032396856;0,548625621;0,12044721;-0,311906378;-1,791351407;-0,150198239;1,358838453;1,693800627;-0,049740086;1,559379296;-0,120007975;-2,168925381;-0,117069382;1,731968147;-0,015892027;0,017627417;0,068140601;-0,909757936;0,304181005;-0,130653746;2,290390638
-0,463325;1,738530267;-0,216400938;-0,141579378;-0,211677512;-0,206337638;-0,157247011;-0,544218941;-0,039094377;0,006550496;1,281554935;1,766804191;0,25427557;-2,574535276;-0,215483209;-0,152291037;-0,098385469;1,012782666;0,031716386;0,825231745;-0,161153167;-0,078435462;-0,171946888;-0,540892326;-0,165720588;-0,207314644;-0,374218743;-0,199749217;-0,132016993;-0,049096243;-0,978318788;2,355751065;-0,195241038;-1,783274789;-0,043161992;-0,788917074;2,974271679;-0,140347112;-0,219113283;-1,6516256;0,021624283;-0,187880276;0,035641304;1,635959643;-0,202437935;-0,522678283;-0,169136201;-0,154409584;-1,988274878;0,946184638;2,406528043;0,010036393;-1,573381081;-0,15362883;-0,019737628;1,284304341;-0,163393983;-0,17475397;-1,035203884;2,229612539;-0,872854875;-0,200468793;2,644439448;0,144796256;1,059548801;-0,217809685;-2,619061146;-0,045268034;0,648339145;-1,7231398;-1,410031398;-0,17287888;0,154920342;-0,207822346;-0,062205685;0,032359604;0,349861154;-0,184141331;-0,00077952;-0,179458212;0,992744295;-1,929622679;-0,009562215;-0,157697567;-0,092707615;-0,188076685;3,513759017;-1,137391848;0,096170397;-0,147819871;-0,16804598;-0,000934419;1,044785069;-0,351799419;-0,114598864;2,183807526;-0,180843804;-0,185934134;-0,00510972;-0,22483396;-0,205896584;-1,894952859;-2,801057418;-3,165681747;-1,875688759;0,187714541;-0,885544909;-0,133677036;2,618467211;-0,193078945;-0,175692024;1,237415406;-0,19158543;0,688914241;0,030062394;-0,150587575;-0,251702735;1,559291861;-0,162235915;0,001252496;-0,155770729;-0,153754232;0,082246376;1,162368867;0,688238817;0,826167884;-0,161638855;-0,202856477;-0,206681927;0,325801765;-0,14579509;-1,120408516;-1,416803796;-0,0357949;-0,126843647;-0,295602208;-1,258626521;2,62493147;-1,048078434;0,016698006;-0,203249209;-0,322190885;0,038778463;1,884672861;0,980269108;-0,160371875;2,443166512;-0,164639369;0,526450457;-0,22687906;-0,122837808;-0,966187989;-0,322832989;-0,157660771;-0,18613203;-2,599821599;-0,077006635;-0,022215447;-2,077902811;0,069289599;0,288415806;-0,202570784;-0,883083344
-0,263013667;2,087861388;-0,102283426;-0,148422116;-0,092063711;-0,144966448;-0,109764059;1,25565472;-0,026771324;-0,036386318;-1,969729207;-0,035692452;-0,203436291;-3,224910321;-0,112743461;-0,121355895;-0,041647686;-0,062016281;0,012515456;-1,783716197;-0,154802262;-0,037137721;-0,148373032;-0,825380146;-0,127156212;-0,144415798;0,727256712;1,059676892;-0,143525966;-0,058798474;-1,205714057;1,370890633;-0,114967804;1,176482257;0,01337156;-0,960177371;-0,13782043;-0,202694784;-0,161673627;-0,053908121;0,032577716;2,250977907;0,01108546;-1,274902138;-0,152145543;-0,879330914;-0,082297478;-0,272737115;-1,062526321;0,600684142;0,228928826;0,258278177;-1,58565227;-0,109290817;-0,003010075;-0,474226387;-0,117870105;-0,15817231;1,139939791;0,147431823;1,653752436;-0,087528176;-0,24974995;-2,105173352;-1,702867784;-0,175025154;0,601126224;0,256913735;-0,583014042;-0,122945805;0,775143867;-0,144137161;2,413569605;-0,11592386;-0,282577994;0,035268782;-0,179045269;-0,086629821;0,056583356;-0,121999282;-0,269776826;0,499946713;-4,80E-05;-0,098309405;-0,9486057;-0,130126364;0,866494986;0,325555625;0,922727817;-0,111692302;-0,160515943;-0,026343161;1,179742307;1,076070027;-0,244547077;-0,917983029;-0,094767432;-0,129860504;-0,028169402;-1,11666189;-0,13866678;-1,984394163;1,400599245;0,135786082;1,622964357;-1,29633392;-1,354111617;-0,117706818;-0,184851824;-0,147970669;-0,155179395;0,718224978;-0,084809477;1,14735384;-0,038847218;-0,12692762;0,455904442;-1,043091374;-0,148344747;-0,00580038;-0,135340883;-0,145220065;0,443807913;1,492376027;-1,238220787;-2,19650421;-0,15030033;-0,096198566;-0,09363696;0,771109097;-0,12733229;-1,751557273;-1,909768352;-0,028657113;-0,02218921;0,599493486;0,611899667;0,010933782;-0,205460466;-0,054999581;-0,200136181;1,040822731;0,017125886;0,267753144;-1,771061394;-0,240993081;-1,298039158;-0,035266398;-0,548042164;-2,004202204;-0,159703581;0,119252943;-0,016494641;0,415431895;-0,105412128;0,635258244;0,0203281;0,002426067;-1,309525844;1,077712044;-0,45380817;-0,149146193;-0,825984107
-0,20206912;0,229900767;-0,049077182;-0,031757129;-0,085583751;-0,090340837;-0,111283371;3,105422505;-0,019405771;-0,026569835;-1,043601975;-1,142720321;-0,282461458;-2,03140933;-0,086214031;-0,092319888;-0,0290781;-0,589967721;0,027217008;-0,484631506;-0,057893287;-0,04108094;-0,098433692;0,657768228;-0,077929204;-0,099772445;1,538336439;0,762862788;-0,073555443;-0,006829659;0,930508922;0,591876682;-0,062871976;-0,435106223;-0,0289299;-0,618004963;0,332593439;-0,072153537;-0,107922813;-0,16875635;0,01999927;-1,492680422;0,029410378;1,583146782;-0,054562381;-0,360846424;-0,063533313;0,18140309;0,026403449;-0,728207002;1,997064957;-0,042278414;-0,135697023;-0,122051184;-0,000213542;-0,10957971;-0,061043826;-0,065385374;0,078559543;-1,551914954;-0,007791095;-0,102194837;1,269733709;-0,83151408;-1,277620504;-0,050753933;0,546196288;0,071837074;0,07923417;-0,716235692;-1,188509942;-0,090740432;-1,780531752;-0,032255317;-0,150510478;-0,032704316;-2,10338558;-0,096507512;0,046630293;-0,045668076;0,095639363;1,901193964;-0,016930894;-0,106952198;0,932604618;-0,07486841;0,396095933;0,744292215;-1,531674818;-0,031165588;-0,05144484;-0,027771373;0,359156164;-0,149942002;-0,144997688;0,622897519;-0,105671736;-0,096315989;-0,035986147;-0,546474035;-0,042055979;-1,921317417;-1,606309335;-1,893158405;0,952308032;-2,871416357;1,276859068;-0,031167108;-0,0909674;-0,101324238;-0,075295923;-1,098785119;-0,112851644;0,556096003;0,010174137;-0,087368685;-0,128490358;-1,877336746;-0,070776633;-0,022542223;-0,101759622;-0,051857558;-0,178024094;-2,098422958;1,025629602;0,633771105;-0,097644577;-0,07226885;-0,040521347;-0,827068522;-0,101294277;-1,190006014;0,67535741;-0,089881034;-0,00480385;0,663575236;1,052513728;-1,675048521;-1,13289802;-0,009470023;-0,160662081;-1,24405565;0,020490782;0,802732313;2,158731547;-0,245478549;-0,261565885;-0,054746872;-0,293100219;-3,270042179;-0,01889845;0,638078033;-0,213004948;1,961828268;-0,101225475;0,318870269;-0,044547597;0,0521124;2,480432098;0,403303554;-1,399982319;-0,077850213;-1,557537189
-0,179189982;-0,592867074;-0,126188056;-0,11599075;-0,111100763;-0,102747317;-0,130526546;0,738509207;-0,040847625;-0,053181599;1,859405905;-0,94983566;-0,257516196;-1,842569611;-0,147091559;-0,110195216;-0,039428742;-0,484171716;-0,013011455;-0,663411832;-0,174798389;-0,018423407;-0,149367672;0,723260243;-0,107016866;-0,104835446;1,774938763;1,412824086;-0,083218196;-0,127929338;-2,210147647;-1,237453161;-0,088321521;0,748714611;-0,008829087;-0,234694656;-1,237105278;-0,146583824;-0,145896592;0,291248845;-0,008862904;0,697529712;-0,02012974;1,308980722;-0,133685894;-0,404560987;-0,13430324;-0,202877666;0,547746976;0,585302436;1,234726028;-0,032094858;-0,153775216;-0,161211946;-0,03911579;-1,781733392;-0,141057256;-0,170895997;1,872370364;-1,844206667;-1,107407019;-0,218463404;-0,214308018;-0,713810649;1,813732888;-0,150707999;-0,232478928;-0,44778615;-1,202568372;1,345127627;0,033780063;-0,123767709;1,799021839;-0,168401301;0,118324;0,003153755;-1,742021103;-0,131343335;-0,025804242;-0,145264657;-0,282101811;0,328576661;-0,056596495;-0,161244983;0,061195998;-0,146330789;-0,279202577;-1,156925921;-0,412841742;-0,135693836;-0,10123591;-0,066559506;-0,883872923;-0,643754821;-0,350636238;-2,836333736;-0,102246759;-0,1611615;-0,021491939;1,316803406;-0,108728581;0,779475753;1,95628995;0,479682276;0,547641351;-0,675674807;0,424547533;-0,079761628;-0,396737939;-0,167609895;-0,146539597;0,167754914;-0,139205465;0,236579017;-0,027392448;-0,07918026;-0,477904353;1,19576121;-0,149866548;-0,068929504;-0,136030619;-0,132119606;-0,745805777;-1,240177529;-0,776268018;-0,690530627;-0,152765593;-0,138598889;-0,166948109;-0,871447994;-0,097948831;0,734316425;0,920134609;0,037864356;-0,076475408;-1,297080929;2,538756401;-1,038623402;-0,228788881;-0,22811998;-0,147860426;1,637065624;0,027056067;-0,213393862;-1,206086245;-0,325469497;-0,180843881;-0,118579814;0,926200384;-0,940590349;-0,138584392;-1,683514633;-0,20212807;1,726341991;-0,14956418;-1,240860499;-0,024532103;0,031679087;-2,105899432;0,429862737;-1,095174508;-0,133788282;-0,43024836
