-3,644925865;-0,071194871;-0,071189792;0,571563567;-0,071291921;-0,607092494;-0,070437335;0,681833673;-0,642944981;-0,071293108;-0,071283824;-0,07062581;-0,071293499;-0,071284022;-0,070939313;0,635477897;-0,07062513;0,409911397;0,791071155;-0,071104048;-0,071276574;-0,620239904;-0,687298321;0,885571318;-0,071274947;-0,071070078;-0,071153852;0,381935247;-0,070848906;-0,071072303;-0,07064046;-0,639142934;0,336941209;-0,070760189;-0,07049099;-0,070668954;-0,071198474;-0,071144445;-0,070802652;-0,07128541;-0,070451529;0,678432925;-0,070843036;-0,589829216;-0,418305228;-0,070637915;-0,070984445;-0,070896935;-0,071056384;-0,071102859;-0,071141844;-0,07075645;-0,071097148;-0,071082061;-1,265601969;-0,070550562;-0,070948204;-0,07127614;0,469424189;-0,571706148;-0,070712999;-0,071144165;0,36180152;-0,070940738;-0,071108608;-0,071213612;-0,600673945;-0,070990444;-0,070576609;0,972175409;-0,07074158;0,573472688;-0,070738484;-0,071175751;-0,070716753;0,391575823;-0,070818792;-0,070640739;-0,583914778;-1,104815487;-0,070941533;0,923543472;-0,071199011;-0,628195874;-0,070979387;-0,071254255;-0,070754664;-0,891586607;0,533356739;-0,070852976;0,306362357;-0,070491569;-0,999270179;-0,070973215;-1,05287977;-0,071279623;-0,07057557;-0,943086064;0,515930028;0,60184098;-0,817355119;-0,070614873;-0,071152394;0,577954254;-0,070874334;-0,070616122;-0,071081984;0,691697145;-0,653319194;0,887030673;0,483144808;-0,070897721;-0,653350619;0,484215139;-0,071254868;0,89600821;-0,071181202;-0,070994217;0,365742082;-0,070541409;0,368952977;-1,0329102;-0,071290717;-0,070426974;0,510837528;-0,071188594;-0,071238648;-0,070558182;-0,070870285;-0,62024658;-0,071179166;-0,80248087;-0,071250468;-0,524642585;-0,928087192;-1,161551532;1,065491882;-0,071214527;-0,071009982;-0,070981587;-0,070596926;-0,599713631;-0,071060418;0,585778255;-1,089574427;0,469201395;-0,070547731;-0,414495038;0,67912619;1,041634191;-0,969791591;-0,070788649;-0,07049801;-0,071234202;0,475307798;0,780132996;-0,070935865;1,004432328;-0,071258839
-4,022182713;-0,066222001;-0,066213527;-0,653227002;-0,066383016;0,781831806;-0,064908124;-0,593534636;0,227344578;-0,066384975;-0,066369648;-0,065244029;-0,066385621;-0,066369976;-0,065789825;0,514146965;-0,065242827;-0,863289591;-0,801669055;-0,066069758;-0,066357668;-0,505359692;0,518745892;0,626891066;-0,06635498;-0,066012432;-0,066153429;-0,808844787;-0,065634154;-0,066016193;-0,065269902;0,769813896;0,367601058;-0,065480019;-0,065004316;-0,065320122;-0,066228009;-0,066137659;-0,065553962;-0,066372267;-0,064933613;-0,831588316;-0,065623998;0,548021457;-0,568789815;-0,06526541;-0,065867;-0,065717033;-0,065989263;-0,066067756;-0,066133296;-0,065473495;-0,066058131;-0,066032678;-0,516953956;-0,065110592;-0,065805057;-0,066356952;0,497354308;-0,605925509;-0,065397488;-0,066137189;0,544110898;-0,065792267;-0,066077438;-0,066253228;-0,797068559;-0,06587723;-0,065156884;-0,692558755;-0,065447518;-0,69688417;-0,065442106;-0,066190076;-0,065404068;0,56935754;-0,065581986;-0,065270394;-0,655253493;0,542384027;-0,06579363;0,665050043;-0,066228904;-0,678484441;-0,065858369;-0,06632073;-0,065470377;0,442769626;0,601329402;-0,065641193;0,488912845;-0,065005351;0,719035528;-0,06584783;0,725845113;-0,066362709;-0,065155039;0,441084359;-0,612539982;0,557947868;-0,818131406;-0,065224691;-0,066150985;-0,664093744;-0,065678084;-0,065226901;-0,066032548;0,649231629;0,930566457;-0,778652823;0,320623683;-0,065718387;0,477993753;0,614235139;-0,066321746;0,584090406;-0,066199185;-0,065883661;0,638110691;-0,065094299;0,603658639;-0,734321407;-0,066381029;-0,064889498;-0,863848344;-0,066211527;-0,066294845;-0,065124146;-0,065671096;-0,541288893;-0,066195783;-0,996366916;-0,066314453;-0,849589662;-0,604832095;0,70709787;0,768890736;-0,066254752;-0,065910508;-0,065862124;-0,065192917;0,775745302;-0,065996091;0,64161784;-0,51584482;-0,843841837;-0,065105554;-0,766149761;-0,540330712;-0,838934141;-0,555835003;-0,065529613;-0,065016868;-0,066287464;0,534573998;0,738010976;-0,065783914;0,688039803;-0,066328324
-2,220969194;-0,043803812;-0,043803325;-0,65897968;-0,043814605;-0,777632594;-0,043812791;-0,786383586;-0,963207888;-0,043814754;-0,043813595;-0,043795971;-0,043814804;-0,04381362;-0,04378884;0,679609781;-0,043796015;0,566350533;-0,800364886;-0,043796277;-0,043812708;-0,825948821;0,676100969;-0,911892125;-0,043812511;-0,04379409;-0,043800103;-0,913816209;-0,043788097;-0,043794223;-0,043795043;0,680177211;0,262159299;-0,043789604;-0,043807098;-0,043793401;-0,043804161;-0,043799323;-0,04378861;-0,043813791;-0,043811216;-0,782539573;-0,043788129;0,762260241;-0,615913408;-0,0437952;-0,043790088;-0,043788202;-0,043793305;-0,043796194;-0,043799113;-0,043789715;-0,043795805;-0,043794822;0,189072822;-0,043801611;-0,043789039;-0,043812656;0,302710689;-0,924939483;-0,043791287;-0,043799301;-1,149199106;-0,04378887;-0,043796596;-0,043805674;0,707961555;-0,043790299;-0,043799494;0,787361809;-0,043790195;-0,445053988;-0,043790303;-0,04380202;-0,043791131;-1,017991039;-0,043788363;-0,043795026;-0,544739638;0,703022293;-0,043788887;-0,820363476;-0,043804214;-0,705855213;-0,043789919;-0,043810078;-0,04378977;0,623242327;-0,418267725;-0,043788081;0,181994373;-0,04380704;-0,925423868;-0,043789722;0,798293796;-0,043813079;-0,043799575;0,597893933;-0,592135174;-0,983792511;0,937695079;-0,0437967;-0,04379998;0,776930211;-0,043788071;-0,043796615;-0,043794818;0,721773753;-0,633743901;-0,498261718;-0,560902475;-0,043788209;0,639992169;0,460144441;-0,043810148;0,735033359;-0,04380252;-0,043790436;-0,86535763;-0,043802396;0,575250812;0,872121608;-0,043814453;-0,043813971;-0,686463141;-0,043803211;-0,043808328;-0,043800974;-0,043788063;-0,610350749;-0,043802332;0,617470243;-0,043809646;0,978870952;-0,680971647;-0,973817709;-0,681827897;-0,043805768;-0,043791057;-0,043789992;-0,043797963;-0,975613351;-0,043793531;0,745520479;-0,795046584;0,857801405;-0,043801852;-0,628152417;0,857727235;-0,74602435;-0,98462158;-0,043788883;-0,043806405;-0,043807843;0,783651959;-0,857463461;-0,043788769;0,724621529;-0,043810606
-2,41154536;-0,053547301;-0,053552191;0,694822168;-0,05345486;0,294316842;-0,054325732;-0,526629699;-0,873560631;-0,053453742;-0,0534625;-0,054123787;-0,053453373;-0,053462313;-0,053799369;0,582354371;-0,054124507;-0,747268583;-0,725602943;-0,053635493;-0,053469352;0,45707379;-0,737169125;0,624345088;-0,05347089;-0,053668882;-0,053586935;0,489521694;-0,053891319;-0,053666689;-0,054108293;0,503638548;-0,825955862;-0,053982849;-0,054267765;-0,054078247;-0,053543836;-0,053596071;-0,053938883;-0,053461003;-0,054310362;0,656132845;-0,053897336;0,583796995;0,811981021;-0,054110982;-0,053753989;-0,053842299;-0,053682402;-0,053636658;-0,0535986;-0,053986733;-0,053642258;-0,053657079;0,653420086;-0,054203843;-0,053790401;-0,053469762;-0,723872326;0,648824727;-0,054032036;-0,053596343;-0,791737043;-0,053797931;-0,053631028;-0,053529304;0,475635083;-0,053747984;-0,054176043;-0,670051145;-0,054002205;-0,69958992;-0,05400543;-0,053565735;-0,05402811;0,381078434;-0,053922247;-0,054107998;0,514979382;0,539428002;-0,053797128;0,476374918;-0,05354332;-0,667810642;-0,053759057;-0,053490512;-0,05398859;-0,854939922;-0,631171664;-0,05388715;0,504779216;-0,054267141;0,609183837;-0,053765248;0,71165066;-0,053466468;-0,05417715;-0,599521406;-0,567550707;0,494810695;0,73662412;-0,054135374;-0,05358835;-0,570862687;-0,053865318;-0,054134049;-0,053657155;0,716273238;-0,679216223;-0,745589751;-0,797981206;-0,0538415;-0,737660294;-0,688722519;-0,053489929;0,552846086;-0,053560472;-0,053744211;0,256574216;-0,054213634;-0,699341151;-0,227041611;-0,053455996;-0,054336968;0,590782129;-0,053553345;-0,053505368;-0,0541957;-0,053869451;-0,583752831;-0,053562437;0,528708532;-0,053494112;0,455058117;-0,533283981;0,228577493;-0,578044907;-0,053528426;-0,05372847;-0,053756852;-0,054154423;0,593917915;-0,053678416;0,602797028;0,491242676;-0,71887197;-0,05420687;-0,67177907;-0,569907203;0,588476434;-0,541387713;-0,05395335;-0,054260208;-0,053509609;-0,626163851;-0,641490237;-0,053802851;-0,753675596;-0,053486157
-3,44274877;-0,064444727;-0,06444734;-0,83419028;-0,064396109;-0,863592542;-0,064902547;0,628819891;0,675511132;-0,06439553;-0,064400069;-0,064776889;-0,064395339;-0,064399971;-0,064584399;-1,016565217;-0,064777329;-0,986899164;0,465154229;-0,064492473;-0,064403629;-0,764285644;0,548077846;0,645872505;-0,06440443;-0,064510876;-0,064466026;0,624153123;-0,064637639;-0,064509662;-0,064767417;-0,784351419;0,272079059;-0,06469171;-0,064866075;-0,064749124;-0,064442878;-0,064470972;-0,064665608;-0,064399292;-0,064892846;-0,444111196;-0,064641161;0,60366413;0,788591774;-0,064769059;-0,06455855;-0,064609116;-0,064518377;-0,064493112;-0,064472344;-0,064694027;-0,064496187;-0,064504351;-0,524220011;-0,064826224;-0,064579268;-0,064403843;0,59736485;-0,983311408;-0,064721182;-0,06447112;0,476496993;-0,064583576;-0,064490025;-0,064435143;-0,920240967;-0,064555151;-0,064809018;-0,413424963;-0,064703274;0,892811575;-0,064705205;-0,0644546;-0,06471882;-1,003644381;-0,064655793;-0,064767237;0,789107352;0,472980105;-0,064583117;-0,656460626;-0,064442602;-0,709529603;-0,064561422;-0,064414679;-0,064695135;0,111373869;-0,853238405;-0,064635201;-1,325152846;-0,064865685;-0,681351292;-0,064564936;-0,588442605;-0,06440213;-0,064809702;0,583718712;-0,913008363;0,321361474;0,685250103;-0,064783988;-0,064466791;-0,655431634;-0,064622471;-0,064783176;-0,064504393;0,743383855;-0,708290339;0,898036839;-0,992421632;-0,064608653;0,358983538;0,519215824;-0,064414373;0,643041978;-0,064451775;-0,064553018;0,3213126;-0,064832302;0,633474931;0,744316107;-0,064396697;-0,064909651;0,913372892;-0,064447958;-0,064422485;-0,064821177;-0,064624876;0,427028664;-0,06445283;0,529872488;-0,064416567;-0,793424815;-0,634340517;0,243789202;0,10870078;-0,064434677;-0,064544142;-0,064560172;-0,064795691;0,350477623;-0,064516163;-0,722665183;0,495153189;0,496157297;-0,064828102;-0,65699099;0,944951948;0,815045329;-0,533255231;-0,064674171;-0,064861344;-0,064424721;0,67072196;-0,255146291;-0,064586395;-0,850401806;-0,064412398
-2,403916502;-0,045956509;-0,045954955;0,836806241;-0,045986694;-0,815220849;-0,04574995;0,584464204;-1,014229422;-0,045987069;-0,045984141;-0,045796952;-0,045987193;-0,045984203;-0,045881322;-0,62068328;-0,045796778;0,514772175;0,478134668;-0,045929088;-0,045981859;-0,71183978;0,555269301;-0,956634882;-0,045981348;-0,045919034;-0,045944027;0,341019642;-0,045856144;-0,045919689;-0,045800717;-0,660823797;0,284788594;-0,045832118;-0,045763068;-0,045808086;-0,045957613;-0,045941187;-0,045843536;-0,04598464;-0,045753401;0,705115844;-0,045854534;-0,670948445;0,873792732;-0,045800062;-0,045894162;-0,045869431;-0,045915011;-0,045928735;-0,045940404;-0,04583112;-0,045927037;-0,045922568;0,747946814;-0,045777874;-0,045883837;-0,045981723;-1,06329993;0,519647324;-0,045819604;-0,045941103;0,298953729;-0,045881725;-0,045930446;-0,045962266;0,445525457;-0,045895882;-0,045784429;-0,784823225;-0,045827162;-0,546864784;-0,04582634;-0,045950671;-0,045820593;-0,903750105;-0,045847915;-0,045800789;0,584390463;-0,816979385;-0,04588195;-0,797838792;-0,045957778;0,320200494;-0,045892714;-0,045974869;-0,045830644;-0,62617581;-0,906329926;-0,045857263;0,518928594;-0,045763211;-0,487264821;-0,04589095;-0,674433742;-0,045982818;-0,045784167;0,681579003;0,599276654;-0,869819713;-0,432686029;-0,045794152;-0,045943586;0,682839697;-0,045863154;-0,045794472;-0,045922545;-0,556043437;-0,571422954;-0,352028268;0,665225657;-0,045869651;0,65632573;-0,855517756;-0,045975061;0,595279085;-0,045952332;-0,045896966;-0,860760394;-0,045775582;-0,721023515;0,82591483;-0,045986314;-0,04574744;0,717343849;-0,045954589;-0,045970011;-0,045779786;-0,045862034;-0,686385621;-0,045951711;0,52904677;-0,045973688;0,267530339;-0,650523527;-0,575260951;-0,772057048;-0,045962549;-0,045901509;-0,045893344;-0,045789578;-0,776804209;-0,045916194;-0,631907523;0,851945619;0,496233993;-0,045777164;-0,594651436;-0,501726391;0,737095816;-0,650579185;-0,045839754;-0,045764799;-0,045968631;0,746403288;0,603256141;-0,045880349;-0,664713524;-0,045976301
-3,006932696;-0,05542633;-0,055425791;0,493053867;-0,055438228;-0,632533867;-0,055432825;-0,520347163;0,45222353;-0,055438392;-0,05543712;-0,05541557;-0,055438446;-0,055437147;-0,055409277;0,700416967;-0,055415615;0,581171486;-0,618506189;-0,055417916;-0,055436146;-0,800532792;-0,669035921;-0,691968877;-0,055435929;-0,05541544;-0,055422206;-0,799326464;-0,055408095;-0,055415591;-0,055414638;0,638207991;-0,864485119;-0,055409325;-0,055426936;-0,055413;-0,055426718;-0,055421335;-0,055408444;-0,055437335;-0,055431193;0,543454673;-0,055408103;0,565994159;-0,437866776;-0,055414796;-0,055410803;-0,055408413;-0,055414544;-0,055417823;-0,0554211;-0,055409428;-0,055417384;-0,055416272;-0,566107063;-0,055421299;-0,055409528;-0,055436088;-0,789538869;-0,750163461;-0,055410925;-0,05542131;-0,878150424;-0,055409315;-0,055418276;-0,055428393;-0,644324273;-0,055411054;-0,055419138;0,617011977;-0,055409879;0,565486783;-0,05540998;-0,055424341;-0,055410774;0,444889349;-0,05540825;-0,055414621;0,628458767;0,462327241;-0,055409337;0,574408122;-0,055426776;0,478444123;-0,055410601;-0,055433252;-0,055409479;0,504649452;-0,865870117;-0,055408095;-0,971725675;-0,055426876;0,311801991;-0,055410365;-0,578546361;-0,055436553;-0,055419221;0,465133725;0,393075758;-0,895319392;0,574776736;-0,055416305;-0,055422069;-0,725010456;-0,055408176;-0,055416219;-0,055416266;0,612635378;-0,595493858;0,471891713;0,56622371;-0,055408424;0,578222935;-0,68326015;-0,05543333;0,633560572;-0,055424896;-0,055411217;0,398937536;-0,055422103;-0,737745787;0,470475232;-0,055438062;-0,055434049;0,566034602;-0,055425664;-0,055431324;-0,055420648;-0,05540815;-0,63005526;-0,055424688;-0,824099139;-0,055432777;-0,631260586;-0,697606484;0,306837054;-0,78277787;-0,055428497;-0,055411947;-0,055410688;-0,055417583;0,426234661;-0,055414802;-0,704283311;-0,619079978;0,695038802;-0,055421545;-0,605718065;-0,700813684;0,704217724;0,210403472;-0,055408676;-0,055426222;-0,055430789;0,57530775;0,744385532;-0,055409186;0,637820415;-0,055433834
-4,266070797;-0,074053438;-0,074045564;0,636966478;-0,074201966;-0,694008873;-0,072769136;0,626041597;0,191253824;-0,07420376;-0,074189714;-0,073108795;-0,074204351;-0,074190015;-0,073644689;0,911972116;-0,073107592;-0,924363447;0,293321514;-0,073911102;-0,074178722;0,684838889;0,604148644;0,732634572;-0,074176254;-0,073857035;-0,073989555;0,487097982;-0,07349399;-0,07386059;-0,07313466;-0,704546795;0,37007979;-0,073343058;-0,072867114;-0,073184739;-0,074059018;-0,073974811;-0,073415674;-0,074192116;-0,072795152;-0,726684519;-0,073484097;0,778802005;0,829203889;-0,073130172;-0,073718732;-0,073574443;-0,073835111;-0,073909218;-0,073970728;-0,073336632;-0,073900157;-0,073876159;0,684266291;-0,072974709;-0,073659337;-0,074178064;0,462101616;0,590019817;-0,073261559;-0,073974371;0,30556313;-0,073647038;-0,073918326;-0,074082406;0,449737271;-0,073728514;-0,073021355;0,725650544;-0,07331102;-0,762984228;-0,073305677;-0,074023743;-0,073268074;0,335357303;-0,073443095;-0,073135152;0,617618847;-0,738024347;-0,073648349;0,871976111;-0,074059849;-0,56109057;-0,073710473;-0,074144758;-0,07333356;-0,794818272;-0,806025818;-0,073500843;0,564704647;-0,072868166;-0,633223586;-0,073700382;-0,529983174;-0,074183349;-0,073019499;0,544120394;0,79892944;-0,735060217;0,603774573;-0,073089433;-0,073987272;-0,851476147;-0,073536696;-0,073091647;-0,073876036;0,665169098;0,955969638;-0,597996637;-0,782578686;-0,073575753;0,481164704;0,594286261;-0,074145694;0,633227864;-0,074032224;-0,073734659;0,260511763;-0,072958259;0,578292735;-1,006097189;-0,074200146;-0,0727501;-0,703126372;-0,074043705;-0,074120891;-0,072988381;-0,073529913;-0,765116564;-0,074029058;0,468343911;-0,074138975;-1,00010243;0,559503213;-0,758976783;-0,68023026;-0,074083818;-0,073760277;-0,073714067;-0,073057569;-0,458146362;-0,073841576;-0,600831332;-0,804235307;0,605264932;-0,072969625;-0,596099654;-0,618693736;-0,763329083;-0,731593232;-0,073391804;-0,072879859;-0,074114075;-0,85801399;0,93054401;-0,073638999;0,762078253;-0,074151749
-1,483991108;-0,024764041;-0,024762056;-0,66934545;-0,024801911;0,584388367;-0,024464564;-0,793864384;0,466030663;-0,024802374;-0,024798756;-0,024539752;-0,024802526;-0,024798833;-0,024663804;0,547152789;-0,024539481;-0,86463001;0,56626341;-0,024728505;-0,024795929;-0,786139127;-0,820729321;-0,771103671;-0,024795295;-0,024715189;-0,024748003;0,493203671;-0,024628157;-0,024716061;-0,024545577;-0,708148294;0,341538924;-0,024593077;-0,024486016;-0,024556898;-0,024765448;-0,024744322;-0,02460988;-0,024799374;-0,024470242;0,679350781;-0,024625839;-0,642928433;-0,59068793;-0,024544565;-0,024681562;-0,024647107;-0,024709817;-0,024728039;-0,024743304;-0,024591597;-0,024725801;-0,024719888;-0,673806146;-0,024509789;-0,024667304;-0,02479576;0,547727014;-0,852329016;-0,024574377;-0,024744213;0,363384019;-0,024664365;-0,024730291;-0,024771362;-0,908611692;-0,024683921;-0,024520169;-0,782726734;-0,024585706;-0,664681203;-0,02458448;-0,024756567;-0,024575866;0,521493169;-0,024616261;-0,024545688;0,541970297;-0,729216499;-0,024664678;-0,679428483;-0,024765658;-0,477694151;-0,024679573;-0,024787226;-0,02459089;-0,769560388;0,172402584;-0,024629764;-0,776986066;-0,024486247;0,728864711;-0,024677146;0,741731665;-0,024797118;-0,024519755;0,544216516;-0,786538963;0,539007341;-0,641176347;-0,024535401;-0,024747432;0,681659896;-0,024638194;-0,024535898;-0,024719857;0,651423933;0,747933642;0,842284234;-0,675208835;-0,024647417;0,36867727;-0,81561158;-0,024787465;0,575627469;-0,024758699;-0,024685404;-0,714240536;-0,024506139;-0,611156969;0,838614453;-0,024801442;-0,024460417;-0,594103196;-0,024761588;-0,024781136;-0,024512827;-0,024636596;-0,606150488;-0,024757903;0,520924976;-0,024785748;0,414532571;-0,583931014;-0,848552637;-0,608998318;-0,024771719;-0,024691599;-0,024680438;-0,024528259;-0,858577133;-0,0247114;0,000574426;-0,820573308;-0,695097237;-0,02450866;0,718950752;-0,419087015;0,617556484;-0,744826533;-0,024604342;-0,02448882;-0,024779401;-0,643013756;-0,509314519;-0,024662446;-0,70151804;-0,024789014
-3,427089625;-0,066595901;-0,066598094;-0,561120434;-0,066554993;0,380587879;-0,06697327;0,429542556;0,409014854;-0,066554504;-0,066558333;-0,066870745;-0,066554343;-0,066558252;-0,066712316;-0,592919396;-0,066871106;0,404352944;0,353864925;-0,066635867;-0,066561336;-0,782625542;0,321971978;0,561184177;-0,066562011;-0,066651221;-0,066613753;-0,993672459;-0,066756335;-0,066650209;-0,066862992;0,709736928;0,458072079;-0,066800875;-0,066943572;-0,066848007;-0,066594349;-0,066617894;-0,066779394;-0,066557678;-0,066965376;0,813912892;-0,066759241;-0,520966173;0,658126032;-0,066864337;-0,066690879;-0,066732773;-0,066657472;-0,0666364;-0,066619041;-0,066802781;-0,066638968;-0,06664578;0,534795459;-0,066911069;-0,066708065;-0,066561516;0,331046024;0,437765499;-0,066825089;-0,066618017;0,458528465;-0,066711634;-0,066633822;-0,066587855;0,282220463;-0,066688057;-0,066897017;0,670661366;-0,066810381;-0,881896883;-0,066811968;-0,066604182;-0,06682315;-0,707087881;-0,066771307;-0,066862845;0,285588333;0,742921352;-0,066711253;0,797540511;-0,066594118;-0,647817656;-0,066693263;-0,066570645;-0,066803692;-0,597829991;-0,673759549;-0,066754323;-0,646327489;-0,066943254;-0,488207889;-0,066696179;0,688421901;-0,066560072;-0,066897576;-0,693847743;-0,815530102;-0,776718682;-0,681748086;-0,066876554;-0,066614394;0,627393383;-0,066743811;-0,06687589;-0,066645815;0,776291154;-0,836180871;-0,510457956;-0,731320496;-0,066732391;0,583465653;0,593962554;-0,066570388;-0,877464352;-0,066601813;-0,066686286;0,648321019;-0,06691603;-0,677418571;0,633069916;-0,066555489;-0,06697905;-0,578896725;-0,066598612;-0,066577215;-0,066906948;-0,066745798;0,464605241;-0,066602697;-0,857318261;-0,066572235;0,43916544;0,760083743;-0,611499889;-0,651051729;-0,066587464;-0,066678911;-0,066692226;-0,066886125;0,469071486;-0,066655627;-0,501638777;-0,718082841;0,516334517;-0,066912602;0,598638244;-0,428924811;0,668302467;0,683113831;-0,066786445;-0,066939716;-0,066579095;-0,4998691;0,814356702;-0,066713969;-0,749916076;-0,066568725
-3,66849875;-0,073969234;-0,073974191;0,628784852;-0,073875655;0,531407706;-0,074765716;0,585516207;-1,051735768;-0,073874525;-0,073883378;-0,074557923;-0,073874152;-0,073883189;-0,074225681;0,309026164;-0,074558663;-0,587385804;0,400250862;-0,07405876;-0,073890307;-0,904230967;0,522123722;0,637165444;-0,073891862;-0,074092712;-0,074009439;0,345625;-0,074319627;-0,074090481;-0,074542009;0,696058322;0,198734368;-0,074413325;-0,074706003;-0,07451116;-0,073965721;-0,074018713;-0,074368296;-0,073881865;-0,074749879;-0,752487391;-0,074325781;0,410719846;0,937164883;-0,074544771;-0,074179389;-0,074269519;-0,074106469;-0,074059943;-0,07402128;-0,074417305;-0,074065636;-0,074080707;-0,73336297;-0,074640217;-0,074216529;-0,073890721;0,61541414;0,60166917;-0,074463747;-0,074018989;0,290299937;-0,074224214;-0,074054221;-0,073950993;0,70846731;-0,074173268;-0,074611628;-0,555921187;-0,074433161;-0,61059329;-0,074436467;-0,073987927;-0,074459721;0,72069765;-0,074351268;-0,074541706;-0,766698137;0,638516901;-0,074223395;-0,709812271;-0,073965198;0,751743529;-0,074184557;-0,073911712;-0,074419207;0,371863993;0,951338315;-0,074315363;0,440480958;-0,074705361;-0,851843949;-0,07419087;-0,500377842;-0,073887391;-0,074612766;-0,848782085;-0,535548183;0,357942465;0,62499447;-0,074569827;-0,074010875;-0,828207476;-0,074293042;-0,074568467;-0,074080784;-0,603964161;-0,500416437;0,739981974;0,358382729;-0,074268703;0,474638922;0,461730579;-0,073911122;-0,754957052;-0,073982589;-0,074169421;-0,742504302;-0,074650289;-0,791033016;-0,517196899;-0,073876803;-0,074777297;-0,775096445;-0,073975362;-0,07392675;-0,074631842;-0,074297267;0,715664437;-0,073984582;0,52162498;-0,073915356;0,631752018;-0,625541018;0,368369434;-0,667740224;-0,073950104;-0,07415338;-0,074182308;-0,074589403;0,64379334;-0,074102413;-0,835729579;-0,75491554;0,482208074;-0,074643331;-0,90882254;-0,868130316;0,247128439;-0,529831969;-0,074383108;-0,074698223;-0,073931044;0,472355353;0,93137889;-0,074229235;-0,72626074;-0,073907306
-3,197613307;-0,059638494;-0,059637877;-0,437059014;-0,059651479;0,541390248;-0,059611339;-0,718774817;-1,056904705;-0,059651651;-0,059650308;-0,059606491;-0,059651708;-0,059650337;-0,059615018;-0,550369124;-0,059606496;0,282534564;-0,79689278;-0,059628389;-0,059649274;0,648751168;0,749275682;-0,734708467;-0,059649043;-0,059625112;-0,059633687;0,491623081;-0,059610335;-0,059625319;-0,059606417;0,767274218;-0,712192923;-0,059607515;-0,059609237;-0,059606402;-0,059638935;-0,059632641;-0,059608648;-0,059650536;-0,059610728;-0,697690716;-0,059610094;-0,448702192;-0,460528501;-0,059606427;-0,059618054;-0,059612592;-0,059623868;-0,059628269;-0,059632355;-0,059607434;-0,059627701;-0,059626237;-0,802062122;-0,05960757;-0,059615579;-0,059649212;-0,876587465;-0,948900615;-0,059606716;-0,05963261;-0,795960355;-0,059615107;-0,059628849;-0,059640825;0,648928154;-0,059618493;-0,059607065;-0,696842106;-0,059607142;0,408522003;-0,059607088;-0,059636203;-0,059606762;0,596939897;-0,059609182;-0,059606416;0,464364965;-0,884464747;-0,059615157;-0,813055801;-0,059639002;0,73736074;-0,05961769;-0,059646169;-0,059607396;-0,638650723;0,661682192;-0,059610506;0,689931903;-0,059609218;-0,611297808;-0,059617255;-0,826113108;-0,059649707;-0,059607083;-0,57324255;0,540780093;0,691263071;0,466383973;-0,059606576;-0,059633523;0,597431043;-0,059611465;-0,059606565;-0,05962623;-0,597218987;0,828043589;-0,587831897;0,586742395;-0,059612634;-0,506757667;-0,933554126;-0,059646253;0,615238938;-0,059636847;-0,059618773;0,532499739;-0,05960778;0,484290185;0,586360993;-0,059651303;-0,059611809;-0,798350453;-0,059637732;-0,05964407;-0,059607408;-0,059611276;0,5746426;-0,059636606;-0,780423898;-0,059645654;0,588243034;-0,571977496;0,607386604;0,518630708;-0,059640941;-0,05961998;-0,059617848;-0,059606768;-0,630564691;-0,05962423;0,732717987;0,865148076;0,349192222;-0,059607633;-0,835186225;-0,462251489;-0,832337707;0,502765172;-0,05960823;-0,059609004;-0,059643483;1,020279199;-0,715799814;-0,059614806;0,876354095;-0,059646797
-2,958994214;-0,043596848;-0,043589051;-0,744844281;-0,04374383;0,734595226;-0,042323692;-0,702750782;-0,786254649;-0,043745604;-0,043731712;-0,042660353;-0,043746189;-0,043732009;-0,043191785;-0,695412591;-0,04265916;0,451818198;0,253318388;-0,043455868;-0,043720839;0,516536747;0,531271959;0,539613808;-0,043718397;-0,043402291;-0,043533586;-0,757934794;-0,043042342;-0,043405814;-0,042685998;-0,646496644;0,334908539;-0,042892656;-0,04242078;-0,042735656;-0,043602372;-0,043518982;-0,042964673;-0,043734087;-0,042349469;-0,666095501;-0,043032531;0,571179896;-0,563139139;-0,042681549;-0,043265199;-0,043122127;-0,043380563;-0,043454001;-0,043514938;-0,042886284;-0,043445022;-0,043421243;-0,615354872;-0,042527423;-0,043206309;-0,043720188;-0,859142108;0,655916773;-0,042811834;-0,043518547;-0,786186526;-0,043194114;-0,043463025;-0,043625526;0,488583812;-0,043274897;-0,042573663;0,538111486;-0,042860883;-0,714291224;-0,042855585;-0,043567444;-0,042818294;-0,767356693;-0,042991867;-0,042686486;-0,634646828;0,640319563;-0,043195414;-0,723505799;-0,043603195;0,737041867;-0,043257011;-0,043687236;-0,042883237;-0,848567638;-0,65046764;-0,043049138;0,53877653;-0,042421822;0,541920114;-0,043247005;-0,548762703;-0,043725415;-0,042571823;-0,687220726;-0,681955519;-0,745597169;-0,300174057;-0,042641157;-0,043531324;-0,553339473;-0,043084694;-0,042643351;-0,043421121;0,233777511;0,730591303;0,774242874;0,275210483;-0,043123426;0,573263867;-0,730908955;-0,043688162;0,523327885;-0,043575842;-0,043280989;0,532175594;-0,042511117;0,464954128;0,625015687;-0,043742029;-0,042304832;0,543375828;-0,043587211;-0,043663618;-0,042540975;-0,043077967;0,728872223;-0,043572707;0,515453517;-0,043681514;-0,771137218;-0,573251514;-0,713365149;-0,593231588;-0,043626924;-0,043306385;-0,043260574;-0,042609565;0,571049006;-0,04338697;-0,632901759;-0,679468221;-0,746376968;-0,042522383;-0,604937123;0,570458576;0,568271637;0,66022137;-0,042941;-0,04243341;-0,043656873;-0,679368669;-0,455263162;-0,043186142;0,387893825;-0,043694154
-2,940786928;-0,054909755;-0,054910338;-0,583086532;-0,054899548;0,629075632;-0,055047632;0,517313392;0,568752274;-0,054899434;-0,054900331;-0,055004218;-0,054899397;-0,054900312;-0,05494504;-0,475199715;-0,055004364;0,347909936;0,390589734;-0,054920914;-0,054901043;-0,801631548;-0,860494824;0,647202303;-0,054901204;-0,054925482;-0,054914604;0,413471658;-0,054960361;-0,054925176;-0,055001081;-0,563642624;0,608342518;-0,054976788;-0,055034704;-0,054995083;-0,054909344;-0,05491576;-0,054968755;-0,054900177;-0,055044169;-0,762379678;-0,054961405;-0,428584247;-0,560219401;-0,055001624;-0,054937939;-0,054952041;-0,054927384;-0,05492107;-0,054916083;-0,05497751;-0,054921824;-0,054923846;0,61536155;-0,055020876;-0,054943612;-0,054901086;0,53617849;0,308919783;-0,054986075;-0,054915795;0,613367912;-0,05494481;-0,054920317;-0,054907645;0,407645702;-0,054937022;-0,055015007;-0,594347785;-0,054980405;0,545626286;-0,054981013;-0,054911976;-0,054985323;-0,765926449;-0,054965784;-0,055001022;0,398981096;0,684539019;-0,054944682;-0,790990913;-0,054909283;0,809914693;-0,054938716;-0,054903297;-0,054977855;-0,515825415;0,62937488;-0,05495964;-0,776063347;-0,055034567;-0,44030303;-0,054939671;0,672411547;-0,054900742;-0,055015239;-0,688478109;0,521910675;0,614680044;0,602979104;-0,055006582;-0,054914782;0,526806928;-0,054955905;-0,055006311;-0,054923856;-0,570485942;-0,515790948;-0,611439275;0,622453583;-0,054951908;-0,681713527;-0,959953076;-0,054903234;0,525955421;-0,054911336;-0,05493645;0,603824675;-0,055022964;-0,805666398;-0,882804839;-0,054899663;-0,055050179;0,772737254;-0,054910477;-0,05490493;-0,055019148;-0,054956607;0,630163581;-0,054911574;-0,797946672;-0,054903689;0,348292571;-0,610718118;-0,676140272;-0,859871503;-0,054907544;-0,054934084;-0,054938377;-0,055010504;0,69292306;-0,05492682;-0,644331542;-0,519856409;0,379962476;-0,05502152;-0,553492935;-0,361608397;-0,75678473;-0,952911085;-0,05497137;-0,055033046;-0,054905403;-0,560424999;-0,710275022;-0,054945598;0,864354845;-0,054902827
-4,088298851;-0,07569866;-0,075696816;0,747338499;-0,075733921;0,639063269;-0,075421723;-0,670205523;-0,654899003;-0,075734353;-0,075730977;-0,075491317;-0,075734495;-0,075731049;-0,075605857;0,715389892;-0,075491067;-0,766861443;0,668572438;-0,075665692;-0,075728341;-0,490469422;0,675373174;0,614173898;-0,07572775;-0,075653361;-0,075683769;-0,941640795;-0,075572946;-0,075654169;-0,0754967;-0,965865279;0,243516717;-0,075540566;-0,075441603;-0,075507159;-0,075699968;-0,075680354;-0,075556076;-0,075731554;-0,075426988;0,666571809;-0,075570806;0,465176897;-0,560513692;-0,075495765;-0,075622262;-0,075590439;-0,07564839;-0,07566526;-0,07567941;-0,0755392;-0,075663187;-0,075657711;-0,386587817;-0,075463611;-0,07560909;-0,075728183;-0,855085419;-0,487943687;-0,075523302;-0,075680253;0,261711156;-0,075606375;-0,075667347;-0,075705465;-0,618436588;-0,075624442;-0,075473213;-0,611015398;-0,075533762;-0,742437039;-0,07553263;-0,075691718;-0,075524677;-0,842016065;-0,075561965;-0,075496802;-0,524753759;-0,936199645;-0,075606664;0,750585497;-0,075700163;0,648145817;-0,075620425;-0,075720229;-0,075538547;0,378485022;0,609779496;-0,075574429;0,271368268;-0,075441818;0,515164465;-0,075618181;-0,625031187;-0,07572945;-0,07547283;0,567688589;0,946971889;0,63837707;0,61810633;-0,075487296;-0,07568324;0,777381194;-0,07558221;-0,075487756;-0,075657683;-0,745505827;-0,715108887;-0,78137815;0,34290597;-0,075590725;0,654445877;-0,7673768;-0,075720452;-0,680548556;-0,075693697;-0,075625813;0,712134762;-0,075460234;0,524426082;-0,564722865;-0,075733483;-0,075417877;0,450258689;-0,075696381;-0,075714559;-0,075466421;-0,075580736;-0,795385227;-0,075692958;0,527103359;-0,075718853;-0,531634866;-0,574647826;0,688187195;0,818651436;-0,075705798;-0,07563154;-0,075621224;-0,075480694;0,834976285;-0,075649854;-0,966057301;0,805137272;-0,881996909;-0,075462567;0,704213804;0,571953514;0,752865542;0,783947313;-0,075550964;-0,0754442;-0,075712944;0,435628101;-0,720413492;-0,075604603;-0,581864342;-0,075721895
-3,695967624;-0,069322035;-0,06932005;-0,41878211;-0,069359261;-0,620233562;-0,068980686;-0,50836606;0,561480541;-0,069359709;-0,069356205;-0,069074528;-0,069359856;-0,06935628;-0,069217344;0,503907664;-0,0690742;0,433235652;-0,628629362;-0,069285971;-0,069353461;-0,695530863;0,478240243;0,542343023;-0,069352845;-0,069272166;-0,069305898;-0,731930805;-0,069177837;-0,069273075;-0,069081569;-0,581358994;0,426727716;-0,069137756;-0,069008014;-0,069095161;-0,06932344;-0,069302162;-0,069157104;-0,069356805;-0,068987963;-0,806262416;-0,069175226;-0,585429243;0,763825307;-0,069080349;-0,069236571;-0,069198992;-0,06926655;-0,069285491;-0,069301127;-0,069136039;-0,069283181;-0,069277056;-0,6645145;-0,069037785;-0,069221157;-0,069353297;0,590137264;-0,74572359;-0,0691159;-0,069302051;0,557297015;-0,069217956;-0,069287811;-0,069329326;0,54820444;-0,069239102;-0,069050612;0,739796987;-0,069129182;-0,612880578;-0,06912775;-0,069314544;-0,069117653;0,470226096;-0,069164379;-0,069081703;-0,645248766;-0,715595192;-0,069218297;-0,726960532;-0,06932365;0,676377425;-0,069234432;-0,069344969;-0,069135217;0,443231394;-0,602870006;-0,069179644;0,522332805;-0,069008306;-0,836120926;-0,069231817;0,633694568;-0,069354616;-0,069050103;0,433650992;0,781127467;0,452829374;-0,543386511;-0,069069247;-0,06930532;-0,630368643;-0,069189084;-0,069069851;-0,069277024;0,507192681;0,588161016;-0,770145781;0,488788744;-0,069199335;-0,716362212;-0,870480791;-0,069345203;0,597362911;-0,069316685;-0,069240691;0,468287821;-0,069033249;-0,858294866;-0,750889244;-0,069358808;-0,068975353;0,61406634;-0,069319581;-0,06933899;-0,069041549;-0,069187301;-0,504442196;-0,069315886;0,503063278;-0,069343521;0,567365546;0,655018432;0,518055957;-0,682489433;-0,069329681;-0,069247306;-0,069235363;-0,069060538;-0,55695043;-0,069268207;0,499390938;0,813150177;-0,754141478;-0,069036384;0,492115405;0,537769665;0,536104045;0,498965423;-0,069150757;-0,069011553;-0,06933728;-0,701687064;-0,655663084;-0,069215862;0,558603011;-0,069346719
-2,957615621;-0,063725613;-0,063722918;0,467551351;-0,063777835;0,714665837;-0,063364778;0,164557935;0,769948467;-0,063778482;-0,063773425;-0,063446999;-0,063778695;-0,063773533;-0,063594701;-1,13977552;-0,063446694;-0,667583307;0,417858275;-0,063677992;-0,063769485;0,631970404;0,857524444;0,686006492;-0,063768602;-0,063660492;-0,063703956;0,574485461;-0,063550668;-0,063661633;-0,063453592;-0,988729104;0,354994762;-0,0635086;-0,063387698;-0,063466502;-0,063727527;-0,063699024;-0,063528595;-0,063774288;-0,063370804;0,233601146;-0,06354785;0,461817972;-0,603133546;-0,063452445;-0,063617126;-0,063573914;-0,063653485;-0,063677377;-0,063697662;-0,063506852;-0,063674424;-0,063666646;-0,865842262;-0,063413597;-0,063599095;-0,063769249;-1,163155658;0,151190131;-0,063486679;-0,063698877;0,271044571;-0,063595405;-0,063680354;-0,063735589;-0,642271868;-0,063620129;-0,063425071;-0,601644592;-0,063499918;-0,646965023;-0,063498479;-0,063715487;-0,063488412;0,351242672;-0,063536263;-0,063453718;-0,636161686;0,617720826;-0,063595797;-0,926762832;-0,063727812;-0,994835642;-0,063614598;-0,063757403;-0,063506018;0,370254048;-0,955254768;-0,063552625;0,397568526;-0,063387948;0,663983799;-0,063611518;-0,663114147;-0,063771141;-0,063424612;0,400726774;-0,67380542;0,543930721;0,506373684;-0,063442096;-0,063703191;-0,825600586;-0,063562934;-0,063442655;-0,063666607;-0,777795155;-0,564925107;0,719258613;0,499332151;-0,063574297;0,688591756;0,546955382;-0,063757734;-0,679353954;-0,063718369;-0,063622021;-0,894025251;-0,063409586;0,558984088;-0,587073126;-0,063777178;-0,063360396;0,754739545;-0,063722283;-0,063748998;-0,063416944;-0,063560975;-0,910666235;-0,063717292;-0,96066987;-0,06375536;0,872423379;1,151921987;-1,020704427;-0,626169411;-0,063736078;-0,063629947;-0,063615697;-0,063434086;-0,871358117;-0,063655546;0,808834563;-0,812520045;0,77908421;-0,063412355;0,968859499;0,86269447;-1,082775276;-0,556863837;-0,063521973;-0,063390726;-0,063746611;0,499837067;-0,835177862;-0,063593;0,320484799;-0,063759879
-2,197699071;-0,038102695;-0,038102109;-0,976151149;-0,038116268;0,928041339;-0,038148181;-0,636853034;-0,472809528;-0,038116462;-0,038114965;-0,038112549;-0,038116526;-0,038114996;-0,038088385;-0,96585638;-0,038112649;0,449397503;-0,632618157;-0,038094054;-0,038113824;-0,915553756;-0,711263545;-1,189379308;-0,038113572;-0,038091831;-0,038098306;-0,981787014;-0,03809071;-0,03809196;-0,038110426;0,850906812;0,630458535;-0,038096682;-0,038136488;-0,038106571;-0,038103119;-0,038097412;-0,038093371;-0,038115218;-0,03814497;0,512378532;-0,038090993;-0,767441443;-0,447673739;-0,038110788;-0,03808866;-0,038088999;-0,03809109;-0,038093967;-0,038097173;-0,038097013;-0,038093558;-0,038092552;1,027510147;-0,038124939;-0,038088363;-0,038113757;-1,146947181;-0,796090539;-0,038101327;-0,038097386;0,411873331;-0,038088379;-0,038094394;-0,038104968;-0,770227894;-0,038088769;-0,03812037;0,117086655;-0,038098393;0,709124849;-0,038098692;-0,03810055;-0,03810092;-1,481443619;-0,03809233;-0,038110386;-0,58196594;0,658639531;-0,038088376;-0,845444216;-0,038103183;-0,682481428;-0,038088581;-0,038110469;-0,038097173;0,383372658;0,574986689;-0,038090523;-0,047208667;-0,038136368;0,521099311;-0,038088501;-0,7439226;-0,038114301;-0,038120546;-1,088390769;-0,820335898;-1,006537027;-1,370473763;-0,038114195;-0,038098165;0,851670269;-0,03808967;-0,038114004;-0,038092547;-0,865374485;-0,872384537;1,305321201;0,339727035;-0,03808898;1,006382288;0,899688598;-0,038110558;-0,702156411;-0,038101144;-0,038088846;0,626035324;-0,038126614;0,027462551;-0,547863249;-0,038116072;-0,038150578;0,411797622;-0,038101972;-0,038108264;-0,038123572;-0,038089815;1,107827908;-0,03810092;0,781836396;-0,038109923;-0,857259501;-0,625514775;0,520472334;-0,750907612;-0,038105083;-0,038089242;-0,038088614;-0,038117011;-0,765806036;-0,038091299;0,812959073;0,822977748;-0,979259333;-0,038125453;0,877611073;0,381494122;-0,712487985;-0,899086046;-0,038094371;-0,038135048;-0,038107657;1,020042338;1,302105049;-0,038088403;-0,648260459;-0,038111139
-2,042555066;-0,04373684;-0,043734444;-0,491588319;-0,043783576;-0,898568451;-0,043433737;-0,503146112;-0,6979176;-0,043784159;-0,043779606;-0,043499284;-0,043784351;-0,043779703;-0,04362253;0,731602973;-0,043499037;0,438934614;-0,604726157;-0,043694763;-0,043776063;0,558419524;0,204561479;0,357167735;-0,04377527;-0,043679438;-0,043717638;0,642834419;-0,043585103;-0,043680435;-0,043504641;0,689394749;0,188188241;-0,043549875;-0,043451772;-0,043515169;-0,043738542;-0,04371328;-0,043566553;-0,043780383;-0,04343846;-0,511875877;-0,043582726;-0,601265202;-0,623165217;-0,043503708;-0,043641798;-0,043604792;-0,043673323;-0,043694223;-0,043712078;-0,043548423;-0,043691632;-0,043684819;-0,641036613;-0,043472373;-0,043626294;-0,043775851;0,601757361;-0,890394334;-0,043531734;-0,043713151;-0,749688343;-0,043623132;-0,043696838;-0,043745722;0,469742819;-0,043644389;-0,043481575;-0,6762373;-0,043542672;0,652009745;-0,04354148;-0,043727848;-0,043533162;-0,92029084;-0,04357298;-0,043504743;0,621386509;0,574723184;-0,043623468;-0,525570966;-0,043738796;-0,691070893;-0,043639619;-0,04376522;-0,04354773;0,652443462;-0,747681253;-0,043586754;-0,877917708;-0,043451969;0,68521798;-0,043636967;0,733512039;-0,043777552;-0,043481206;-0,754525391;-0,72508309;0,495977252;-0,754241391;-0,043495311;-0,043716961;-0,663458684;-0,043595473;-0,043495763;-0,043684784;-0,736556531;-0,739138188;-0,631442043;0,64186369;-0,043605118;-0,675337357;0,569177153;-0,043765516;-0,865451263;-0,043730405;-0,043646022;-0,967576385;-0,043469168;0,527652964;0,721888691;-0,043782985;-0,04343031;0,708245115;-0,04373388;-0,043757695;-0,043475053;-0,043593813;-0,617791165;-0,043729449;-0,878808484;-0,043763389;0,562890265;-0,422727547;-0,829748797;0,665951034;-0,043746158;-0,043652875;-0,043640566;-0,043488836;0,671829614;-0,043675121;0,608385706;-0,698797598;-0,747483008;-0,04347138;0,724182134;-0,535097759;0,703587113;0,60219745;-0,043561016;-0,043454167;-0,04375556;-0,677735661;-0,590306254;-0,043621074;0,52428685;-0,043767439
-2,71369845;-0,044370877;-0,044373152;0,550921194;-0,044328362;0,598802967;-0,044762025;0,149549412;0,778864958;-0,044327853;-0,044331838;-0,044655505;-0,044327686;-0,044331753;-0,04449145;0,752429355;-0,044655879;-0,699522147;0,523500083;-0,044412315;-0,044334962;0,765740703;-0,880999995;-0,860358049;-0,044335664;-0,044428218;-0,044389396;0,269362559;-0,044536996;-0,04442717;-0,044647465;0,675936275;0,453976652;-0,0445831;-0,044731131;-0,044631928;-0,044369266;-0,044393689;-0,044560861;-0,044331156;-0,04475381;-0,816197574;-0,044540003;0,604763979;-0,589800296;-0,044648859;-0,044469269;-0,044512616;-0,04443469;-0,044412868;-0,044394878;-0,044585073;-0,044415528;-0,044422583;0,909750307;-0,044697356;-0,044487051;-0,044335149;0,47631034;-0,855077762;-0,044608179;-0,044393817;0,393583467;-0,044490744;-0,044410197;-0,044362524;-0,723418513;-0,044466348;-0,044682766;-0,18049423;-0,044592944;-0,758158376;-0,044594588;-0,044379468;-0,04460617;0,492156889;-0,04455249;-0,044647312;-0,689925237;-0,820893046;-0,04449035;0,870915705;-0,044369026;0,722235797;-0,044471736;-0,044344644;-0,044586016;0,466939818;-0,904915432;-0,044534914;0,378059926;-0,0447308;0,801218007;-0,044474753;-0,435619735;-0,044333647;-0,044683346;-0,841295059;-0,705094976;-0,974427913;0,406616176;-0,044661531;-0,04439006;0,783315564;-0,044524037;-0,044660842;-0,044422619;-0,530761601;-0,550488482;-0,877727474;0,166574294;-0,04451222;-0,944575943;0,475302786;-0,044344376;-0,520696613;-0,044377012;-0,044464515;-0,650280289;-0,044702509;-0,917626304;-0,539852417;-0,044328878;-0,044768042;-0,842887777;-0,044373689;-0,044351471;-0,044693077;-0,044526092;0,651171242;-0,044377929;-0,991204549;-0,044346296;-0,259827593;-0,505252277;-0,914436686;-0,719713608;-0,044362117;-0,044456883;-0,044470662;-0,044671461;-0,801970179;-0,04443278;0,756771316;0,22447295;0,546795807;-0,044698949;0,78980205;-0,543315417;0,240881385;0,697298013;-0,04456816;-0,044727122;-0,044353425;0,602695719;-0,717909963;-0,04449316;-0,502149022;-0,044342647
-3,988283403;-0,081950796;-0,081948213;0,752312203;-0,082001695;-0,813473992;-0,081649954;0,084073719;-0,675125579;-0,082002335;-0,081997336;-0,081709621;-0,082002547;-0,081997443;-0,081830623;0,675387196;-0,081709388;0,272607912;-0,965203251;-0,081905803;-0,081993451;-0,791390134;-0,597451402;-0,764173527;-0,081992582;-0,081889626;-0,081930161;0,565515779;-0,081792819;-0,081890675;-0,081714656;-0,401478837;0,342335348;-0,081758043;-0,081665991;-0,081724619;-0,081952633;-0,081925501;-0,081774405;-0,081998188;-0,081654125;0,700335606;-0,081790448;-0,742770195;-0,397941479;-0,081713777;-0,081850404;-0,081812602;-0,081883204;-0,081905231;-0,081924218;-0,081756627;-0,081902489;-0,081895292;1,084490609;-0,081684673;-0,081834472;-0,081993219;0,698357848;-0,594781623;-0,081740463;-0,081925363;0,516160359;-0,081831238;-0,081908002;-0,081960397;-0,769412693;-0,08185308;-0,081693136;-1,552964834;-0,081751035;0,462444213;-0,081749879;-0,081941113;-0,081741838;0,586585442;-0,08178076;-0,081714753;-0,429186944;0,916422518;-0,081831582;-1,087195174;-0,081952908;-0,724486308;-0,081848157;-0,081981593;-0,081755952;0,37590832;0,584467065;-0,08179447;0,316943095;-0,081666168;0,777688344;-0,081845425;1,476335496;-0,081995083;-0,081692795;1,018655465;0,55692293;0,733424554;1,027830583;-0,081705899;-0,081929437;0,461193301;-0,081803209;-0,081706323;-0,081895256;0,755753533;-0,566378856;-1,411829659;0,450135405;-0,081812932;-1,019337529;0,411707729;-0,081981917;-1,153990865;-0,081943862;-0,081854768;0,345928763;-0,081681742;0,475130915;1,385507826;-0,082001045;-0,081646942;0,593355741;-0,081947605;-0,081973393;-0,08168713;-0,081801542;-1,024409001;-0,081942834;-1,1537148;-0,081979597;-0,641357396;1,068688914;0,843234721;-0,865120692;-0,081960869;-0,081861869;-0,081849134;-0,081699864;-0,585299823;-0,08188509;0,450242785;1,10223011;0,608314;-0,081683764;-0,783154448;0,549322053;-1,174073854;1,217954111;-0,081768952;-0,081668144;-0,081971071;0,46119882;-1,137907799;-0,081829137;-1,139501318;-0,081984016
-3,357849742;-0,062625129;-0,062626809;0,570712889;-0,062591714;-0,619860408;-0,062793449;0,579761692;-0,821357133;-0,06259129;-0,062594597;-0,062767342;-0,06259115;-0,062594527;-0,062700671;-0,525116825;-0,062767455;0,362705581;0,479098803;-0,06265409;-0,062597164;0,217857963;-0,489592057;0,656956643;-0,062597738;-0,062664331;-0,062638491;-0,747677689;-0,062722884;-0,06266367;-0,062764875;0,571651142;-0,767195396;-0,062742333;-0,062787073;-0,062759896;-0,062623934;-0,06264149;-0,062733315;-0,062594034;-0,062791843;-0,742167763;-0,062724242;-0,561960798;-0,420097836;-0,062765308;-0,062688687;-0,062711383;-0,062668367;-0,062654454;-0,062642315;-0,062743101;-0,062656196;-0,062660755;0,555468629;-0,062779012;-0,062698358;-0,062597317;0,530370439;-0,646936952;-0,062751726;-0,062641579;0,404496003;-0,062700302;-0,06265269;-0,062618872;-0,5640805;-0,06268705;-0,062775161;0,301190718;-0,062746116;0,272487523;-0,062746735;-0,062631415;-0,062751003;0,463022885;-0,062729747;-0,062764828;-0,737952653;-0,452780099;-0,062700096;0,537309979;-0,062623755;0,795968056;-0,06269006;-0,062604979;-0,062743466;-0,700587794;0,451441516;-0,062721935;0,507815806;-0,062786999;-0,52669955;-0,062691725;0,756760131;-0,062596086;-0,062775319;-0,655239469;0,423480894;-0,681971269;-0,580075842;-0,062769142;-0,062638957;-0,726510699;-0,062716879;-0,062768938;-0,062660778;-0,59492162;0,576656278;0,544322928;-0,719097891;-0,062711189;-0,638517555;-0,729451748;-0,062604766;-0,65393502;-0,062629633;-0,062686014;0,523962774;-0,062780318;0,369414962;0,692365765;-0,062592144;-0,062794585;0,499754496;-0,062627204;-0,062610366;-0,062777906;-0,062717848;0,587333006;-0,062630299;-0,59504763;-0,062606292;-0,634218922;0,655155932;0,50990227;0,496268635;-0,062618564;-0,062681644;-0,062689464;-0,062772019;0,5660448;-0,062667183;-0,673908875;0,398298799;-0,669444562;-0,062779419;-0,658817931;-0,621241697;0,517184698;0,598211888;-0,062736348;-0,062786177;-0,062611889;0,58712241;0,691174976;-0,062701563;-0,687134677;-0,062603385
-3,053439124;-0,061650029;-0,061654432;0,295020334;-0,06156765;0,639476335;-0,062399268;0,179286122;0,26814142;-0,061566663;-0,061574395;-0,06219658;-0,061566338;-0,06157423;-0,061882529;-0,725460873;-0,062197293;0,444982521;0,23757521;-0,061730113;-0,061580455;0,551795101;0,702111642;0,871973477;-0,061581816;-0,061760796;-0,061685844;0,537971403;-0,061969963;-0,061758775;-0,062181243;-1,056808047;0,727331928;-0,062058273;-0,062340574;-0,062151592;-0,061646912;-0,06169414;-0,0620157;-0,061573072;-0,062383667;-0,384614105;-0,06197573;-0,609389133;0,80055472;-0,062183903;-0,061839872;-0,061923186;-0,061773276;-0,06173118;-0,061696439;-0,062062047;-0,061736314;-0,061749928;-0,685844072;-0,062276322;-0,061874073;-0,061580818;0,485547451;0,471024266;-0,06210623;-0,061694387;0,628532193;-0,061881172;-0,061726024;-0,061633862;0,616233086;-0,061834253;-0,062248538;-0,985096525;-0,062077104;0,318694681;-0,062080247;-0,06166665;-0,06210239;-1,015076126;-0,061999664;-0,062180951;0,388701619;-0,779667406;-0,061880415;-0,746329208;-0,061646447;0,013387541;-0,06184462;-0,061599225;-0,062063852;-0,811316358;0,913856918;-0,061965971;-0,665194342;-0,062339945;-0,582887955;-0,061850424;-0,72906661;-0,061577903;-0,062249643;-0,739321734;0,666908596;0,767038967;-0,598424286;-0,06220807;-0,061687128;-0,622369278;-0,061945106;-0,062206756;-0,061749997;-0,671677011;0,683917919;0,712068182;-1,019327571;-0,061922427;0,604839505;0,612051876;-0,061598707;-0,882436667;-0,061661898;-0,061830725;-0,604475092;-0,062286131;-0,732017791;0,145981537;-0,061568651;-0,06241069;-0,730839302;-0,061655472;-0,061612456;-0,062268174;-0,06194905;-0,606586124;-0,061663672;0,628625543;-0,061602428;-0,670788235;0,702338325;-0,874186021;0,853495508;-0,061633075;-0,061816034;-0,061842554;-0,062226999;0,497921424;-0,061769594;1,000514127;0,815929964;-1,076481011;-0,062279353;0,359403881;-0,377033771;-1,014705252;0,76463917;-0,062029677;-0,062332952;-0,061616241;-0,557238264;-0,514729096;-0,061885815;-0,926866678;-0,061595356
-3,371961226;-0,055106001;-0,055104186;-0,582550732;-0,055141378;0,607276778;-0,054873475;-0,674194747;0,533934778;-0,055141819;-0,055138376;-0,054924444;-0,055141965;-0,05513845;-0,055019104;-0,592643247;-0,054924253;0,42048837;-0,613044918;-0,055074087;-0,055135696;-0,873697611;0,620495877;-0,542135579;-0,055135096;-0,055062444;-0,055091445;0,454982298;-0,054990489;-0,055063202;-0,054928587;-0,787224996;-0,927305304;-0,054963459;-0,054887552;-0,054936722;-0,055107291;-0,05508814;-0,054976268;-0,055138963;-0,054877166;-0,481018912;-0,054988669;-0,564102787;-0,523978015;-0,054927866;-0,055033799;-0,055005555;-0,055057796;-0,055073677;-0,055087229;-0,054962343;-0,055071709;-0,055066533;-0,656898381;-0,054903582;-0,055021977;-0,055135536;-0,803189143;0,678042758;-0,054949497;-0,055088042;-0,725947035;-0,055019563;-0,055075662;-0,05511273;-0,870256702;-0,055035773;-0,054910725;-0,630507079;-0,054957919;0,418015164;-0,054957002;-0,055099187;-0,054950597;-0,609625734;-0,054981199;-0,054928666;0,482104524;0,584329565;-0,05501982;0,450991728;-0,055107483;0,558516521;-0,055032138;-0,055127491;-0,05496181;-0,686956781;-0,783812063;-0,054991754;0,567463338;-0,054887706;-0,572666836;-0,055030116;0,737986897;-0,055136822;-0,054910438;-0,653096545;0,498718577;0,424071913;0,568770506;-0,054921369;-0,055090932;0,445600844;-0,054998427;-0,054921719;-0,055066507;-0,595832567;-0,633529604;0,939892353;0,457815393;-0,055005804;-0,676676295;0,697386972;-0,055127716;0,312144173;-0,055101125;-0,055037017;0,348577379;-0,054901091;-0,761941133;-0,664858466;-0,055140931;-0,054870795;0,748384996;-0,055103759;-0,055121795;-0,054905663;-0,054997158;-0,728255761;-0,055100401;0,734725636;-0,055126106;-0,798342068;0,84779135;0,425300598;0,587407282;-0,05511306;-0,055042237;-0,05503286;-0,054916354;-0,692691343;-0,055059162;0,591133168;-0,788880504;0,485693392;-0,05490281;0,873436918;-0,510878407;0,841580598;0,55400576;-0,054972019;-0,054889419;-0,055120179;-0,740349435;0,899817978;-0,055017992;-0,94016781;-0,055129171
-3,668146854;-0,076116972;-0,076123259;0,637687279;-0,075998257;-0,727207566;-0,077126107;0,232975713;0,460629563;-0,075996822;-0,076008057;-0,076862902;-0,075996349;-0,076007817;-0,076442031;0,491419509;-0,076863839;-0,716844562;0,559719882;-0,076230486;-0,076016849;0,692840102;-0,691087205;-0,715660274;-0,076018823;-0,076273524;-0,076167955;0,370368358;-0,076561053;-0,076270696;-0,076842745;-0,81862611;0,431766056;-0,076679745;-0,077050468;-0,07680367;-0,076112517;-0,076179714;-0,076622706;-0,076006136;-0,077106045;-0,730916696;-0,076568848;0,558560099;-0,55478766;-0,076846243;-0,076383374;-0,076497572;-0,076290961;-0,076231987;-0,07618297;-0,076684787;-0,076239203;-0,076258307;-0,618642747;-0,076967139;-0,076430435;-0,076017375;-0,964489975;0,584707977;-0,076743614;-0,076180065;0,361671483;-0,076440171;-0,076224733;-0,076093836;-0,685534596;-0,076375617;-0,076930926;0,712360549;-0,076704872;0,444028336;-0,07670906;-0,076140678;-0,076738514;0,326830544;-0,076601135;-0,076842361;-0,792180886;0,551125267;-0,076439134;-0,571953997;-0,076111852;-0,666034506;-0,076389922;-0,076044007;-0,076687196;0,436068577;-0,797307363;-0,076555651;0,525306476;-0,077049655;0,733349964;-0,076397922;0,753478672;-0,076013149;-0,076932368;0,442417429;0,803814586;0,465587079;-0,44538433;-0,07687798;-0,076169776;0,711010239;-0,076527374;-0,076876256;-0,076258405;-0,766578808;-0,633314049;0,487507829;-0,933912101;-0,076496538;0,502850072;0,483006207;-0,076043259;0,678448169;-0,076133908;-0,076370742;-0,778613652;-0,076979897;-0,720221787;-0,615418578;-0,075999713;-0,077140776;-0,293389698;-0,076124743;-0,076063085;-0,076956531;-0,076532726;-0,692715959;-0,076136436;0,505976523;-0,07604863;0,610067662;0,690843923;0,442425047;0,845543769;-0,076092708;-0,076350414;-0,076387073;-0,076902776;0,444498849;-0,07628582;-0,647584445;0,443779596;-0,858906118;-0,076971083;-0,688713503;-0,67526124;0,605474338;0,525245861;-0,076641469;-0,077040612;-0,076068533;0,556878445;0,174442203;-0,076446534;-0,600321841;-0,076038418
-3,715845425;-0,067334563;-0,067335522;-0,435302825;-0,067315788;-0,60510146;-0,067444756;-0,520186592;-0,844844395;-0,067315554;-0,067317387;-0,067424041;-0,067315476;-0,067317348;-0,067379457;0,533817633;-0,067424124;0,382437877;-0,572754305;-0,067351316;-0,067318814;0,512243869;0,494552448;0,407514429;-0,067319133;-0,067357364;-0,067342232;-0,734351349;-0,067393568;-0,067356972;-0,067422236;-0,702302809;-0,859024292;-0,067406442;-0,067439336;-0,067418645;-0,067333882;-0,067343967;-0,067400403;-0,067317074;-0,067443359;0,663661729;-0,06739445;-0,535476002;0,701979654;-0,067422551;-0,067372051;-0,067386193;-0,067359767;-0,06735153;-0,067344446;-0,067406963;-0,067352555;-0,067355245;0,75988177;-0,067432872;-0,067378016;-0,067318899;-0,841055138;0,711529342;-0,067412887;-0,067344019;-0,764564409;-0,067379226;-0,067350495;-0,067331005;0,32630605;-0,067371048;-0,067429899;-0,674710251;-0,067409018;-0,770470386;-0,067409442;-0,067338158;-0,067412385;0,436110121;-0,067398048;-0,067422201;-0,798171459;-0,736475754;-0,067379098;0,705879823;-0,06733378;0,477464925;-0,067372892;-0,067323176;-0,067407212;0,413798814;-0,57313507;-0,067392954;-0,737649493;-0,067439275;0,598133411;-0,067373915;-0,623989963;-0,067318214;-0,06743002;0,562580019;-0,652861265;0,117034297;-0,461814174;-0,067425371;-0,067342502;-0,52659141;-0,067389698;-0,06742522;-0,067355258;0,619825599;0,581452261;0,706270837;-0,904615349;-0,06738607;-0,632275459;0,646871945;-0,067323057;-0,6908344;-0,067337137;-0,067370416;0,450672574;-0,067433896;0,572544065;0,716673568;-0,067316026;-0,067445759;-0,83166347;-0,067335748;-0,067326201;-0,067432012;-0,06739032;-0,512804131;-0,067337519;-0,61328977;-0,067323912;0,428619206;0,617722061;0,520575197;0,641738965;-0,067330831;-0,067367756;-0,067372526;-0,067427519;-0,412966993;-0,067359061;0,536644217;-0,649108673;0,602384044;-0,06743319;0,436481007;0,611968902;0,552998873;0,511493333;-0,067402419;-0,067438598;-0,067327058;0,450152282;0,720093739;-0,067380013;0,351793299;-0,067322284
-2,929619856;-0,053307446;-0,05331354;-0,599429641;-0,053194166;0,635605626;-0,05439147;-0,694009246;0,442793183;-0,053192817;-0,053203387;-0,054090061;-0,053192373;-0,05320316;-0,053634299;-0,637007454;-0,054091113;0,490618038;-0,80924579;-0,053418891;-0,053211679;0,324426123;-0,653345427;0,862169266;-0,053213544;-0,053461917;-0,05335713;-0,807050238;-0,053759671;-0,053459077;-0,05406747;0,531826608;-0,77301816;-0,053887523;-0,054303663;-0,054023887;-0,053303133;-0,053368675;-0,053825738;-0,053201577;-0,05436809;0,732977261;-0,053767983;-0,650070707;0,766980336;-0,054071386;-0,053573598;-0,053692442;-0,053479468;-0,053420385;-0,053371877;-0,053893015;-0,053427572;-0,053446656;-0,863902657;-0,054208023;-0,053622242;-0,053212176;-0,874559858;0,325977088;-0,053957444;-0,05336902;0,720258556;-0,053632364;-0,053413171;-0,053285103;-0,865842573;-0,053565625;-0,054166828;0,618659476;-0,053914939;0,490485205;-0,05391952;-0,053330471;-0,053951833;0,849549453;-0,053802538;-0,054067041;0,363428993;0,836853144;-0,053631284;-0,91903453;-0,053302491;-0,855610862;-0,053580338;-0,053237416;-0,053895641;0,574670161;0,616449849;-0,053753919;-0,653843863;-0,054302724;0,671512135;-0,053588584;-0,545659739;-0,053208187;-0,054168464;0,774195804;0,681874565;-0,627281354;0,953709832;-0,054107007;-0,053358916;-0,801622151;-0,053723902;-0,054105068;-0,053446754;-0,562498453;0,590084436;-0,815271318;-0,418690387;-0,053691354;-0,663673273;-0,668456625;-0,053236705;-0,657064254;-0,053323883;-0,053560622;-0,90245887;-0,05422259;0,587597552;-0,713231839;-0,053195534;-0,054408606;0,70528756;-0,053314979;-0,053255603;-0,054195932;-0,053729571;0,53496103;-0,053326341;-0,851092388;-0,053241815;0,7757139;-0,486192006;0,532815114;0,447527519;-0,053284016;-0,053539812;-0,053577404;-0,054134961;0,590116647;-0,053474286;-0,775942556;0,588008758;-0,656835811;-0,054212523;0,665805704;-0,525086728;-0,71108191;0,564832345;-0,053845993;-0,05429229;-0,053260812;-0,740219575;-0,753353746;-0,053638989;-0,771601061;-0,053232104
-3,119971304;-0,058181362;-0,05818057;-0,460142864;-0,058196901;-0,932676752;-0,058083468;0,580844041;0,282999281;-0,058197096;-0,058195575;-0,058104315;-0,05819716;-0,058195608;-0,058143934;-0,525353396;-0,058104236;0,377740214;0,551345854;-0,058167495;-0,058194393;0,679745356;-0,818507595;-0,786595811;-0,058194128;-0,058162472;-0,05817502;0,53648185;-0,058131833;-0,058162798;-0,058106025;-0,698081726;-1,000696179;-0,058120502;-0,058089192;-0,058109388;-0,058181926;-0,058173584;-0,058125859;-0,058195835;-0,058084966;0,994569791;-0,058131067;-0,552255089;-0,560257187;-0,058105727;-0,058150191;-0,05813819;-0,058160471;-0,058167318;-0,058173188;-0,058120036;-0,058166468;-0,058164234;0,590989016;-0,058095741;-0,058145155;-0,058194322;0,486063482;0,50310928;-0,058114686;-0,058173541;-0,911686882;-0,058144129;-0,058168176;-0,058184304;0,420840614;-0,058151033;-0,058098671;0,707636936;-0,058118191;0,460465139;-0,058117809;-0,058178389;-0,058115144;0,714629296;-0,058127927;-0,058106057;0,40984732;-0,730641956;-0,058144238;0,626551477;-0,05818201;-0,644127191;-0,058149482;-0,05819078;-0,058119813;-0,650069811;0,596591276;-0,058132365;-0,756670474;-0,058089254;-0,520513133;-0,05814862;0,635896606;-0,05819489;-0,058098553;0,865719021;0,518246533;-0,660595278;0,797582791;-0,058103048;-0,058174797;0,602104001;-0,058135179;-0,058103192;-0,058164222;-0,715587852;-0,880829364;-0,463462297;-0,913466457;-0,058138296;-0,746216019;0,692907576;-0,058190879;0,44256643;-0,058179234;-0,058151565;-0,988459619;-0,058094721;0,480048166;0,716615677;-0,058196704;-0,058082381;-0,722271901;-0,058180383;-0,058188278;-0,058096594;-0,058134643;0,585276533;-0,058178918;0,768603026;-0,058190171;0,523396647;-0,11676735;-0,747494622;0,791713041;-0,058184448;-0,058153796;-0,05814979;-0,058100984;-0,840936036;-0,058161059;-0,782918851;-0,695268517;0,534318414;-0,058095425;-0,640911895;-0,44307625;-0,481351976;0,752336436;-0,058124079;-0,058089953;-0,058187568;-0,545549118;-0,727299684;-0,058143461;-0,938213015;-0,058191519
-2,355215184;-0,039687114;-0,039687548;-0,78240849;-0,039680403;0,593035668;-0,039838914;-0,655428048;-0,784779691;-0,03968034;-0,039680848;-0,039785423;-0,039680319;-0,039680837;-0,039719017;-0,827747031;-0,039785598;-0,840870882;-0,665733419;-0,039696102;-0,039681265;-0,669980576;0,699121243;0,753961365;-0,039681361;-0,039700133;-0,03969085;0,589169112;-0,039735156;-0,039699858;-0,039781678;0,580766694;-1,115322537;-0,039753393;-0,039822699;-0,039774571;-0,039686811;-0,039691782;-0,039744371;-0,039680759;-0,03983455;0,651242786;-0,03973629;0,544933345;0,180705792;-0,039782324;-0,039711899;-0,039726272;-0,03970186;-0,039696237;-0,039692045;-0,039754213;-0,039696891;-0,03969867;0,498372925;-0,039805608;-0,039717565;-0,03968129;0,649843375;-0,763889023;-0,039764044;-0,03969181;0,477638039;-0,039718783;-0,039695589;-0,039685585;0,642826966;-0,039711;-0,039798442;-0,781037291;-0,039757515;-0,771272377;-0,039758211;-0,039688789;-0,039763173;-0,928859853;-0,039741083;-0,039781607;0,806529207;-0,823833302;-0,039718652;0,366008192;-0,039686766;0,652444894;-0,039712665;-0,039682652;-0,039754606;0,309418717;0,348607915;-0,039734376;0,43448999;-0,039822529;-0,693916846;-0,039713611;-0,574965037;-0,039681088;-0,039798724;0,159429639;-0,946330692;-0,79829434;0,589288452;-0,039788258;-0,039690993;-0,412479461;-0,039730365;-0,039787932;-0,039698679;-0,544773351;0,956993092;-0,043575856;0,489912643;-0,039726132;-0,653561225;-0,805220755;-0,039682612;-0,608728167;-0,0396883;-0,039710441;-0,897140487;-0,039808171;0,608721757;-0,588581668;-0,039680468;-0,039842134;0,69082354;-0,039687651;-0,039683716;-0,039803492;-0,039731115;0,717979623;-0,039688481;0,434679312;-0,039682903;-0,813261926;-0,616512088;-1,06759235;0,251959319;-0,039685513;-0,039708151;-0,039712331;-0,039792983;-0,859993517;-0,039701345;0,786738493;-0,879018028;0,513289242;-0,039806398;0,773219777;0,70651698;-0,750597281;-0,808032143;-0,039747287;-0,039820635;-0,039684033;-1,050003393;0,601375454;-0,039719587;-0,653925705;-0,039682354
-3,484617043;-0,072609799;-0,072609084;-0,72943401;-0,072624643;0,476695422;-0,072568152;0,672328874;0,523338918;-0,072624839;-0,072623318;-0,07256691;-0,072624904;-0,07262335;-0,072581436;0,435633011;-0,072566902;0,570553486;0,347774643;-0,072597956;-0,072622144;0,488254921;0,350357694;-0,951788421;-0,072621883;-0,07259403;-0,072604206;0,533588069;-0,072575024;-0,072594279;-0,072567117;0,765027309;-1,002684263;-0,072570506;-0,072567076;-0,072567647;-0,072610309;-0,072602981;-0,072572452;-0,072623576;-0,072567813;0,843308311;-0,072574671;-0,68761003;0,78643157;-0,072567078;-0,072585335;-0,0725782;-0,072592524;-0,072597814;-0,072602645;-0,072570354;-0,072597137;-0,072595384;-0,746130278;-0,072566549;-0,072582167;-0,072622074;-1,093129571;0,53442483;-0,072568805;-0,072602944;-0,985277723;-0,072581552;-0,072598504;-0,072612488;0,478220017;-0,072585888;-0,072566543;0,364818845;-0,072569778;0,633853399;-0,072569664;-0,072607142;-0,072568922;0,514341589;-0,072573295;-0,072567121;0,524902063;-0,712696908;-0,072581617;-0,751092485;-0,072610386;-0,735900528;-0,072584875;-0,072618612;-0,072570282;-0,674889884;-0,833799783;-0,072575273;-0,790335533;-0,072567068;-0,602866884;-0,072584321;-0,782082094;-0,072622636;-0,07256654;-0,643969235;-0,789644895;0,53851505;-0,715406478;-0,072566785;-0,072604015;-0,764138245;-0,072576641;-0,072566798;-0,072595375;0,026155149;0,642645602;0,686136709;0,91085255;-0,072578256;0,685754556;0,413838982;-0,072618707;0,792075756;-0,07260789;-0,072586241;-0,605053017;-0,072566583;-0,739256626;-0,912545239;-0,072624445;-0,072568424;-0,606791448;-0,072608917;-0,072616213;-0,072566533;-0,072576374;0,603117479;-0,07260761;0,457466271;-0,072618024;0,554313717;0,648795979;0,694408796;-0,937846573;-0,072612622;-0,072587749;-0,072585074;-0,072566634;0,419080249;-0,072592963;-0,734249111;0,677308788;0,712737097;-0,072566558;0,691778291;-0,242010172;0,486451018;-1,045761859;-0,072571767;-0,072566977;-0,072615541;-0,616523452;-0,277766996;-0,072581158;0,934614811;-0,072619327
-3,805404448;-0,073209806;-0,073210724;-0,802908785;-0,073194247;-0,629984083;-0,073455057;-0,495553626;0,405484207;-0,07319408;-0,073195401;-0,073374557;-0,073194025;-0,073195373;-0,073268577;0,738229693;-0,073374825;-0,845735988;-0,690524241;-0,07322776;-0,073196457;0,450702075;-0,602052313;-0,667051953;-0,073196697;-0,073235312;-0,07321751;0,724021062;-0,073295409;-0,073234803;-0,073368811;0,399781454;-0,859631299;-0,073324714;-0,073430921;-0,073357851;-0,073209161;-0,073219371;-0,073310324;-0,073195173;-0,07344858;0,649462735;-0,073297257;0,623008179;-0,633041805;-0,073369803;-0,073256348;-0,073280769;-0,073238484;-0,073228017;-0,073219892;-0,073326013;-0,073229257;-0,073232596;0,655842391;-0,073405249;-0,073266106;-0,073196521;0,512020444;-0,943317958;-0,073341479;-0,073219427;-0,793985092;-0,073268179;-0,073226781;-0,073206508;0,583601755;-0,073254782;-0,073394404;0,459424699;-0,073331229;0,566450915;-0,073332325;-0,073213314;-0,073340116;0,478561505;-0,073305029;-0,073368702;0,662588647;0,536524139;-0,073267957;0,554060557;-0,073209065;0,66186164;-0,07325768;-0,073199839;-0,073326635;0,449871599;0,566113131;-0,073294134;-0,828836491;-0,073430666;0,526457116;-0,073259318;0,7726721;-0,07319601;-0,073394832;0,552799886;-0,571070228;0,576470622;-0,599748118;-0,073378896;-0,073217796;0,795789463;-0,07328755;-0,073378398;-0,073232613;-0,779285867;0,573660614;0,60404037;-0,707052803;-0,073280537;-0,77083505;-0,65407709;-0,073199743;-0,486611257;-0,073212299;-0,073253804;0,516009083;-0,073409116;-0,756312649;-0,64469095;-0,073194417;-0,073459827;-0,693331991;-0,073210941;-0,073202322;-0,073402052;-0,073288785;0,605393272;-0,073212677;-0,749239014;-0,073200432;-0,755284239;0,701908975;0,424797971;0,577040945;-0,073206351;-0,073249777;-0,073257099;-0,073386106;0,433649022;-0,073237542;-0,655591232;0,611517314;-0,414800906;-0,073406442;0,664744562;0,677284492;-0,68330719;-0,804570204;-0,073314996;-0,073427834;-0,073203047;-0,671293737;0,336486046;-0,073269544;0,573716885;-0,073199128
-2,681712772;-0,060346188;-0,060350355;-0,699333116;-0,060268148;-0,758144402;-0,06105001;-0,725894296;0,330884743;-0,060267212;-0,060274545;-0,060860464;-0,060266904;-0,060274388;-0,06056562;-0,635279696;-0,060861132;0,622899969;-0,847699115;-0,0604219;-0,06028029;0,445159831;-0,627371529;-0,719886446;-0,060281581;-0,060450871;-0,060380066;0,527620728;-0,060647869;-0,060448963;-0,0608461;0,50029634;0,411851012;-0,060730808;-0,060995174;-0,060818321;-0,060343238;-0,060387909;-0,060690839;-0,06027329;-0,061035438;-0,397179131;-0,060653288;0,55624377;0,887960948;-0,060848592;-0,060525444;-0,060603883;-0,060462648;-0,060422908;-0,060390083;-0,06073435;-0,060427756;-0,060440611;0,636360883;-0,060935098;-0,060557659;-0,060280634;-1,086994391;0,578825493;-0,060775797;-0,060388143;0,21092367;-0,060564343;-0,060418038;-0,060330886;0,550315519;-0,060520149;-0,060909103;0,652066709;-0,060748478;0,447010278;-0,060751426;-0,060361914;-0,060772196;0,467476344;-0,060675778;-0,060845827;0,170774359;0,61835392;-0,06056363;0,344992582;-0,060342799;0,748930162;-0,060529917;-0,060298081;-0,060736044;-0,038177801;0,396658833;-0,060644116;0,386004913;-0,060994586;0,726104084;-0,060535385;0,764574332;-0,060277871;-0,060910137;-1,022020772;-0,033193273;-0,853687013;-0,697245832;-0,060871224;-0,06038128;-0,337637315;-0,060624499;-0,060869993;-0,060440677;-0,819282566;0,620007603;0,843938056;-0,738400777;-0,060603168;-0,698326855;-0,685427211;-0,060297589;-0,770048998;-0,060357419;-0,060516824;-0,933381991;-0,060944272;-0,942165006;0,758032996;-0,060269098;-0,061060677;0,292634223;-0,060351338;-0,060310616;-0,060927476;-0,060628208;-0,084419228;-0,060359097;0,631527013;-0,060301115;0,70151483;0,819834368;-0,996829847;-0,936885212;-0,060330141;-0,060502976;-0,06052797;-0,060888944;-0,997500304;-0,060459173;0,693636856;-0,860210557;0,657820602;-0,060937933;-0,363783292;0,572134682;-0,623652064;-0,700882786;-0,060703965;-0,06098805;-0,060314201;0,459592004;-0,656804967;-0,060568714;-0,855537848;-0,060294414
-3,06952682;-0,056291116;-0,056287847;0,853775715;-0,05635353;-0,632993211;-0,055798844;0,678390592;0,290698635;-0,056354292;-0,056348327;-0,055922236;-0,056354544;-0,056348455;-0,056126116;-0,511440834;-0,055921792;-0,86723282;0,605659449;-0,05623259;-0,056343668;0,413134195;-0,682243454;-0,619648456;-0,056342623;-0,056210669;-0,056264699;-0,796789284;-0,056067494;-0,056212105;-0,055931801;0,668471727;0,506771069;-0,056009834;-0,055834033;-0,055950395;-0,056293436;-0,056258636;-0,056037449;-0,056349346;-0,055808157;-0,578070139;-0,056063683;0,670038801;0,844150747;-0,05593014;-0,056155329;-0,056098654;-0,056201827;-0,056231823;-0,05625696;-0,056007401;-0,056228139;-0,056218404;0,661655315;-0,055873046;-0,056131873;-0,056343389;0,496848845;0,515426233;-0,055979108;-0,056258456;-0,644760182;-0,056127038;-0,056235531;-0,056303178;0,586359066;-0,056159209;-0,055890084;0,497572289;-0,055997722;0,406085015;-0,055995706;-0,056278805;-0,055981554;-0,718247225;-0,056047937;-0,055931984;-0,921990965;-0,818734251;-0,056127553;0,585561291;-0,056293781;-0,548025176;-0,056152057;-0,056329321;-0,056006239;0,560199771;0,509897764;-0,056070136;-0,709120108;-0,055834413;0,509540427;-0,056148063;-0,649068062;-0,056345628;-0,055889405;-0,742596789;-0,795116902;-0,688089015;-0,663938978;-0,055915093;-0,056263759;-0,663723437;-0,056083996;-0,055915909;-0,056218354;0,625960486;0,493061689;-0,710429554;-0,709188122;-0,056099164;0,601430044;-0,685135897;-0,056329716;-0,794031768;-0,056282316;-0,05616165;-0,873369681;-0,055867056;0,44029756;0,655439557;-0,056352756;-0,055792043;-0,683718119;-0,056287075;-0,056319285;-0,055878032;-0,056081369;0,582017064;-0,056281005;0,515561553;-0,056326886;0,634149651;-0,471581555;0,354993692;0,357727495;-0,056303768;-0,056171844;-0,05615348;-0,055903366;0,489760713;-0,056204432;-0,237829203;0,639275543;-0,699859846;-0,055871194;-0,554514551;0,727343634;-0,6058465;-0,74355997;-0,056028346;-0,055838634;-0,056316426;-0,526069288;-0,669050116;-0,056123882;0,529143855;-0,056332269
-3,19568591;-0,062513508;-0,062522462;0,418839035;-0,062345128;-0,742541402;-0,063993668;-0,759109162;0,550234237;-0,062343101;-0,062358979;-0,063599787;-0,062342432;-0,062358639;-0,062981074;-1,03929111;-0,06360118;-0,607801552;-0,49047153;-0,062675718;-0,062371411;0,637931282;-0,734143756;-0,762799366;-0,062374204;-0,062737521;-0,062586218;-0,944785841;-0,063154577;-0,062733455;-0,063569833;0,621158163;0,410746271;-0,063328774;-0,063879964;-0,063511857;-0,062507166;-0,062603022;-0,063244918;-0,062356263;-0,063963471;0,772178033;-0,063165983;0,408032713;-0,558411226;-0,06357503;-0,062896013;-0,063061891;-0,062762609;-0,06267787;-0,062607676;-0,063336198;-0,062688222;-0,06271565;-0,737485004;-0,063755172;-0,062964236;-0,062372156;0,620285093;0,206267751;-0,06342298;-0,062603522;0,468124995;-0,062978374;-0,062667468;-0,062480592;-0,702018611;-0,062884786;-0,063701099;0,649496673;-0,063365797;-0,84689698;-0,063371972;-0,062547287;-0,063415446;0,408650645;-0,063213275;-0,063569264;-0,629093063;0,511782975;-0,062976866;-0,627814517;-0,06250622;0,347216713;-0,062905494;-0,062409864;-0,063339747;0,35200656;0,728217425;-0,063146678;0,375449827;-0,063878744;-0,973881136;-0,062917082;-0,561227043;-0,062366178;-0,06370325;0,444454366;-0,74674424;0,625825852;0,704359047;-0,063622214;-0,06258882;0,802859491;-0,063105362;-0,063619649;-0,06271579;0,711705257;-0,694220284;0,586404066;0,61803056;-0,063060383;0,550893594;-0,731896332;-0,062408804;-0,739474199;-0,062537636;-0,062877734;0,452453141;-0,063774246;-0,832633326;-0,434289818;-0,062347186;-0,064015765;-0,903806602;-0,062524576;-0,062436917;-0,063739322;-0,063113177;0,877642137;-0,062541238;-0,004384178;-0,062416417;0,808479465;0,867009092;0,465190222;-0,629239853;-0,062478988;-0,062848348;-0,062901368;-0,063659131;-0,753882786;-0,062755209;-0,764238319;-0,575654146;-0,81956204;-0,063761067;-0,626639097;0,701641363;-0,794307032;0,871585013;-0,063272473;-0,063865178;-0,062444647;0,554242696;-0,859686909;-0,062987617;0,448978683;-0,062401944
-3,608652161;-0,065587543;-0,065586637;0,807439421;-0,065605688;0,624833193;-0,065497922;0,698910577;0,346745998;-0,06560592;-0,065604112;-0,065512193;-0,065605996;-0,06560415;-0,06554735;-0,360444373;-0,065512133;0,530125505;0,554176581;-0,065572016;-0,06560271;0,433823417;-0,67649627;-0,632997059;-0,065602397;-0,065566565;-0,065580358;-0,92792228;-0,065535669;-0,065566916;-0,06551351;-0,572522769;-0,840097721;-0,065525442;-0,065501492;-0,065516159;-0,065588187;-0,06557875;-0,065530187;-0,065604419;-0,065498829;-0,566545541;-0,065534955;-0,714895847;-0,655073518;-0,065513279;-0,065553667;-0,065541714;-0,065564421;-0,065571822;-0,065578308;-0,065525037;-0,065570893;-0,065568466;0,617525372;-0,06550591;-0,065548568;-0,065602627;0,358818226;0,517698649;-0,065520487;-0,065578703;-0,716408086;-0,065547544;-0,065572763;-0,06559092;-0,885217685;-0,065554532;-0,065507995;-0,914153325;-0,065523448;0,347797224;-0,065523121;-0,065584158;-0,065520869;-0,964049227;-0,065532063;-0,065513535;0,588166785;-0,797437298;-0,065547653;0,436444106;-0,065588284;-0,640781329;-0,065552943;-0,065598453;-0,065524844;0,69531824;-1,044861947;-0,065536168;-0,808191287;-0,065501532;-0,806067162;-0,065552065;-0,75509959;-0,065603298;-0,06550791;0,518602017;0,681431519;-0,765697522;-0,830247767;-0,06551123;-0,065580108;0,807885548;-0,065538825;-0,065511339;-0,065568454;0,990042212;0,571633078;-0,632184544;0,838751048;-0,065541816;-0,671641511;0,634618158;-0,065598569;0,857663983;-0,065585117;-0,065555078;0,763573876;-0,065505199;0,490326311;-0,883005311;-0,065605452;-0,065497277;-0,593522752;-0,065586425;-0,065595527;-0,06550651;-0,065538316;0,393326377;-0,065584758;-0,787324934;-0,065597739;-0,366479458;-0,649558939;0,611917662;0,476606276;-0,065591087;-0,065557388;-0,065553258;-0,065509687;0,648688897;-0,065565049;0,577611192;0,719032152;-0,868780871;-0,065505689;0,804376117;-0,610742641;-0,49586673;0,657407419;-0,065528592;-0,065501987;-0,065594701;-0,585920703;0,995006087;-0,06554688;0,808318593;-0,06559932