-1,499332884;-0,094809546;-0,09479011;0,739811993;-0,094812232;0,541438102;-0,094805708;0,932624616;0,301730501;-0,094800158;0,404072588;0,340188718;-0,09480385;0,547411178;-0,094818499;-0,094803002;0,496560888;0,73852099;-0,094809392;-0,094797314;-0,094805804;-0,09479583;0,357283168;-0,094219175;0,373868482;-0,121374718;-0,094805974;-0,094796344;-0,094812974;-0,094801082;-0,094811759;-0,310586278;0,526408741;-0,094818993;-0,094808888;-0,094794256;0,308799637;-0,09480818;0,262922495;0,741706358;-0,644221889;0,212943525;-0,042076828;-0,094789688;0,615592082;-0,119297293;-0,094804881;-0,094804114;0,698981957;-0,094803547;-0,589478249;-0,094798331;-0,094797383;0,418288124;-0,094802;-0,702178939;-0,094802445;0,216151926;-0,094791183;0,28816;0,25876828;0,192424639;-0,890388043;-0,764909354;0,608094999;-0,094802417;-0,094821789;-0,09480822;-0,094804832;-0,094797025;-0,094802115;-0,162393384;0,394375163;-0,643236797;-0,560771019;-0,094808123;-0,094790279;-0,094825824;0,769340237;-0,094652996;-0,094796029;-0,094809017;-0,094808275;-0,094813984;-0,094811189;-0,094804302;0,439211352;-0,910201348;-0,094813809;-1,221688492;0,261890016;-0,094804304;-0,506553892;-0,094811143;0,110802646;-0,944037644;-0,34300397;0,234336519;-0,09479747;-0,094803862;-0,094793633;-0,094839075;0,27567219;-0,094811118;-0,201873199;-1,138661303;-0,856406122;-0,104955873;0,612462251;-0,094792733;-0,309017177;-0,094799611;-0,871940634;0,072381277;-0,094808946;-0,09481389;-0,094811709;-0,814588211;-1,109128489;-0,094796574;-0,094789591;-0,094793554;0,447240072;1,08496792;-0,5026739;0,355162001;-1,123195832;0,231321354;-0,094812594;-0,971785233;0,674639304;0,889873504;-0,094793282;-0,094792721;-0,094805583;-0,094808093;-0,094796023;-0,094789973;-0,09479202;-0,094792974;-0,094795513;-0,094812919;1,015830301;0,776194767;-0,094790074;-0,094810552;-0,094808487;-0,970398939;-0,094797589;-0,094801743
-1,085090266;-0,069346227;-0,069288544;0,910030507;-0,069352772;0,408988716;-0,069335755;-0,738284562;-0,382553354;-0,069317606;0,456763293;0,183860392;-0,069328505;-0,572140942;-0,069350378;-0,069324315;0,550483863;-0,866046852;-0,069344572;-0,069305319;-0,069337879;-0,069302136;-0,799107699;-0,068808288;0,252111864;-0,346163533;-0,069332995;-0,069310438;-0,069328491;-0,069321414;-0,06932254;-1,044065632;0,345228868;-0,069322675;-0,069341824;-0,069305124;0,670200156;-0,069337502;0,045470579;0,395142131;-1,06461352;-0,517680885;-0,656587598;-0,069293867;0,501716862;0,192017195;-0,069333367;-0,069325748;0,650773956;-0,069327764;-0,144206401;-0,069307821;-0,069311193;-0,969705113;-0,069322581;0,856437971;-0,069323776;0,466971223;-0,069288262;0,164911958;0,399653405;0,340765809;0,800593103;-0,146822004;-1,028438111;-0,069320842;-0,069349144;-0,069338413;-0,069325669;-0,069308231;-0,069321277;-0,875265023;-0,13546566;0,786801659;-0,410643582;-0,069336262;-0,069294579;-0,069351217;0,634870481;-0,069192688;-0,069303946;-0,069346659;-0,06934514;-0,069355683;-0,069351099;-0,069327617;0,644738627;-0,935122406;-0,069354132;-1,374709769;0,515462813;-0,069329488;-0,510440313;-0,069352481;-0,217231248;0,88907087;-0,751642001;-0,754275268;-0,06930527;-0,069328717;-0,069300688;-0,069374864;-0,367381789;-0,069349058;-0,382773687;0,756931116;-0,596285843;-0,085118574;0,951532095;-0,069299417;-0,859568988;-0,069317732;0,013069852;0,209621844;-0,069341253;-0,069354096;-0,069339148;-0,703675358;0,368515713;-0,069311997;-0,069288226;-0,069298611;0,307028191;-0,455261926;-0,051997654;0,020272575;0,752092412;0,134063873;-0,069352195;-0,553586532;0,876944978;-0,121858757;-0,069297936;-0,069297901;-0,069332445;-0,069342619;-0,069307302;-0,069292535;-0,06929552;-0,069297259;-0,069301846;-0,069354038;-0,737615373;-0,98609611;-0,069287992;-0,069347155;-0,069337344;0,762118751;-0,069312145;-0,069317905
-1,092150351;-0,083200455;-0,083158429;0,077834928;-0,08320375;-0,761229076;-0,083190242;0,455593707;-0,794164219;-0,083178648;-0,798105999;-0,299758501;-0,0831856;-0,178121441;-0,083202525;-0,083182748;-0,684919164;-0,276077785;-0,083199791;-0,08316942;-0,083193841;-0,083168391;-1,016690204;-0,082760096;0,406140429;0,561639491;-0,083191129;-0,083172292;-0,083187236;-0,083181531;-0,083184242;0,421644764;0,266262556;-0,083192588;-0,083194708;-0,083170487;0,560908999;-0,083193205;0,733383818;0,804534953;-0,022345235;0,435923506;-0,594565827;-0,083162096;-0,807715314;0,742630768;-0,083189212;-0,083184886;-0,067771823;-0,083185785;0,68488309;-0,083172158;-0,083172734;-0,320517583;-0,083182514;0,417345105;-0,083183363;0,807293158;-0,083158897;-0,852810265;-1,180069163;-0,59620188;0,444539808;0,747496115;-1,079449276;-0,083181312;-0,083206027;-0,083192641;-0,083183165;-0,083171117;-0,083180579;0,431708992;0,72532471;0,412707733;0,869391165;-0,08319217;-0,08316071;-0,083208984;-0,408855249;-0,083024085;-0,083168723;-0,083197928;-0,083197239;-0,083204297;-0,083201764;-0,083187836;-0,571639241;0,299774837;-0,083204272;0,014456367;0,422051899;-0,083187348;0,164335125;-0,08320455;-0,784700702;-0,45319844;0,617018142;0,489605497;-0,083169783;-0,083186161;-0,083166766;-0,083218245;-1,03698375;-0,083199222;-0,730770838;0,151290541;0,436387002;0,580260633;-0,02983088;-0,083165376;0,112260855;-0,083180031;0,464596031;-0,622200981;-0,083194911;-0,083203754;-0,083194651;0,101099624;-0,989839696;-0,083174874;-0,083158763;-0,083166135;0,482096495;-0,28749469;0,817144058;-0,846862016;0,794079355;-0,796625125;-0,083202909;0,690112052;-0,292141593;-0,276844411;-0,083164861;-0,08316559;-0,083188668;-0,083196393;-0,083171547;-0,083160406;-0,083162367;-0,083163563;-0,083169612;-0,083203898;-0,963543899;0,37344949;-0,083155799;-0,083197785;-0,083192998;0,577106047;-0,08317506;-0,083179213
-1,410614607;-0,115198018;-0,115196024;-0,550175072;-0,115199076;0,211766928;-0,115198562;-0,484144453;-0,050731539;-0,115197549;0,295398785;-1,213768752;-0,115196027;1,128381197;-0,115206177;-0,115196347;0,661153893;0,80335781;-0,115197918;-0,115197201;-0,115197274;-0,115196811;-0,759471282;-0,114621878;-0,077031099;-0,129219738;-0,115200631;-0,11519892;-0,115205593;-0,115195839;-0,115210925;0,763579238;0,816410892;-0,115221843;-0,115197071;-0,115196362;-0,313737839;-0,115196815;0,598932844;0,328198429;0,441662411;0,415361086;1,180707414;-0,115195917;0,262835591;0,510737405;-0,115198194;-0,115198128;0,230237759;-0,115196413;-0,705311642;-0,115199313;-0,115196668;-1,13155921;-0,115197354;0,309413167;-0,115198014;0,506210967;-0,115195227;0,757873465;0,362870453;0,130680537;0,372934724;0,608934055;0,170485657;-0,115197537;-0,115214431;-0,115198718;-0,115196409;-0,115196547;-0,115196871;0,546969537;-0,839368383;-0,658836771;-0,515141556;-0,115200152;-0,11519631;-0,115225651;0,437949455;-0,114970338;-0,11519668;-0,115197951;-0,115197727;-0,115199189;-0,115198117;-0,1151962;-0,125373753;-0,047512174;-0,115200736;0,420993903;-1,331889824;-0,115196393;0,715485289;-0,115196564;-0,232657928;0,435586891;-1,017576416;-0,614636951;-0,11519774;-0,115197437;-0,115195945;-0,115218073;0,060071532;-0,115197626;1,184105106;-0,147784841;-0,741900947;-0,874013557;-0,911953227;-0,115197423;0,761894813;-0,115197779;0,425273706;0,662746045;-0,115198543;-0,115198019;-0,11519945;-1,422750074;-0,033293387;-0,115195241;-0,115195949;-0,11519718;0,164354083;-0,087489943;-0,834424474;0,111543564;1,017008192;0,54057256;-0,115197681;0,345340808;-0,626411038;0,693267624;-0,115194984;-0,11519536;-0,115196937;-0,115197754;-0,115197738;-0,115196709;-0,115197087;-0,115197273;-0,115196194;-0,115198876;-0,075384668;-0,188581832;-0,115197179;-0,115198755;-0,115198887;0,399522099;-0,115197292;-0,115196911
-0,895617272;-0,083646899;-0,083642779;-0,30745985;-0,083647223;0,619887962;-0,083644552;-0,667202688;0,286074608;-0,083643315;0,308365909;-0,058797841;-0,083645947;1,058300559;-0,083649767;-0,08364575;-1,168133053;-0,854538356;-0,083644677;-0,083642055;-0,083645844;-0,083643146;-0,3775054;-0,083242058;0,188496261;-0,831012723;-0,083644995;-0,083644539;-0,08365055;-0,083645253;-0,083649613;-1,210136555;0,676531005;-0,08366096;-0,083646145;-0,083644544;-0,693743573;-0,0836465;0,207958562;-0,049948485;0,777139345;0,092545166;1,116317333;-0,083643307;0,438957823;0,41262618;-0,083645976;-0,083646385;0,045824142;-0,083645765;0,427889941;-0,083644824;-0,083645039;0,600358379;-0,083645143;0,545093042;-0,083646058;-1,237211349;-0,083643558;-1,23466294;0,310693104;0,253624181;0,478836909;-0,428975895;-1,08457096;-0,083645907;-0,083623126;-0,083646537;-0,083645194;-0,083645172;-0,083644987;0,543136829;0,708055717;-0,691186504;-0,393386233;-0,08364625;-0,083642696;-0,083663612;-1,250342432;-0,083475788;-0,08364251;-0,083645932;-0,083645488;-0,08364699;-0,083646029;-0,083645508;-0,632620149;0,293923178;-0,083647415;0,059328894;0,7586399;-0,083645998;1,120655186;-0,083647041;-0,004687254;0,359493072;-0,82638785;0,348884796;-0,083645554;-0,083645021;-0,083643329;-0,083645016;0,168015632;-0,083645334;-1,13703653;0,426480481;-0,770249741;0,337108511;1,126115135;-0,083643911;0,699151166;-0,083645469;0,385442708;0,52044504;-0,083646808;-0,083646392;-0,08364844;0,614505175;0,404752141;-0,083643637;-0,083643796;-0,08364441;-0,192414693;-0,293012767;-0,660466861;0,461764664;-0,728043895;-1,174703031;-0,083647382;-0,102755686;-0,753368738;-0,129383229;-0,08364439;-0,083643653;-0,083646316;-0,083646553;-0,08364305;-0,083643647;-0,083643789;-0,083644726;-0,083642761;-0,083645729;0,158786781;-0,725285006;-0,08364378;-0,083645052;-0,083645991;0,028077773;-0,083643646;-0,0836436
-0,900648313;-0,064618339;-0,064519279;0,662767464;-0,064628904;-0,346967285;-0,064595528;0,614062384;0,547000143;-0,064568721;-0,894136221;0,535225467;-0,064587664;0,038409729;-0,0646137;-0,064581266;-1,06868796;-0,943893507;-0,064616858;-0,064546602;-0,064603585;-0,064543723;0,233939108;-0,064177651;0,18547212;-0,281690566;-0,064593296;-0,064554318;-0,064575127;-0,064574927;-0,064562355;-0,376682432;0,815415498;-0,064575384;-0,064609164;-0,064547158;0,173840109;-0,064602758;0,572552518;-0,789675312;-0,781482519;-0,819516737;-0,023207759;-0,064524405;0,283258453;0,357522422;-0,064597302;-0,064581646;-0,930413626;-0,064586064;0,643044821;-0,064548459;-0,06455574;0,507196802;-0,064575715;-0,16043851;-0,064580016;0,153238803;-0,064517275;0,308915529;0,055463747;0,068956398;-0,672026375;-1,086465411;-0,917806042;-0,064576557;-0,064544795;-0,064602042;-0,064581694;-0,064548703;-0,064574155;0,437946414;-0,626731654;0,411256058;0,913216568;-0,064597906;-0,064528687;-0,064610952;-0,645007665;-0,064432531;-0,064543335;-0,06461654;-0,064614661;-0,064631316;-0,064624038;-0,064588723;-0,586350827;0,777008632;-0,064631765;-0,677580311;-0,102521034;-0,064587416;-0,720028225;-0,064627428;0,370714658;-0,657829984;-0,33664594;0,468458823;-0,064548321;-0,064588867;-0,064538851;-0,064609315;0,680473463;-0,064619699;-0,280441151;-0,94353278;-0,792641509;0,16190998;-0,605878783;-0,064536445;-0,074459735;-0,06456961;0,248267596;0,59636461;-0,064608291;-0,064632488;-0,064603941;-0,671617;0,493304687;-0,064557404;-0,064514918;-0,064535437;-0,789981184;-0,760141815;-1,017467384;0,600477342;0,601092872;0,499459324;-0,064626169;0,665480823;0,486117865;-0,453244213;-0,064533692;-0,064536622;-0,064593755;-0,06461084;-0,064553239;-0,064523678;-0,064528032;-0,064535268;-0,064542609;-0,06462968;-0,74422873;0,341322819;-0,06451498;-0,06461686;-0,064603054;-0,153928177;-0,064560462;-0,064570744
-1,241659944;-0,107976333;-0,108040688;-0,811617283;-0,107970513;0,37381005;-0,107990796;-0,223090344;-0,404225164;-0,108008494;-0,371574267;0,437456075;-0,107997868;-1,00921782;-0,107989484;-0,108002138;0,185030211;-1,053469926;-0,107979061;-0,108024458;-0,10798634;-0,108026971;-0,783512502;-0,107490643;-0,101803498;1,614318924;-0,107995554;-0,108017157;-0,108014134;-0,108004948;-0,108020643;1,03776035;0,674541543;-0,108008951;-0,107984043;-0,108024471;-1,216344402;-0,107987707;0,238977054;0,349447597;-1,203951367;-0,105902334;-1,161149954;-0,108037478;0,619519399;0,304374302;-0,107992273;-0,108002543;0,376014607;-0,107997367;0,539844536;-0,108027016;-0,108017162;0,647236151;-0,108005494;0,459344319;-0,108003171;0,799371532;-0,108043601;0,246595557;0,433703936;0,761260216;-0,629992584;0,689426645;0,557125051;-0,10800491;-0,10804855;-0,107987464;-0,108004412;-0,108022689;-0,108006519;0,084354552;-0,444164579;-0,980863157;-0,55881392;-0,107992465;-0,108035071;-0,107998322;0,947261818;-0,107808534;-0,108024534;-0,107978037;-0,107979405;-0,107968448;-0,107972968;-0,107996501;0,280833262;0,538173624;-0,107968889;0,455553363;0,846948442;-0,107997028;-1,328189898;-0,107972227;-0,483618996;0,121836718;1,095610771;0,628738593;-0,108022036;-0,107997207;-0,108028051;-0,107978049;0,415917706;-0,107975474;-0,471930486;0,32835261;-0,958468015;-0,158793185;-0,804299319;-0,108030181;0,902581578;-0,10800972;0,280419088;0,445406375;-0,107983118;-0,107970007;-0,107988594;0,895764665;-0,076717686;-0,108016359;-0,108045974;-0,108031112;0,204649112;-0,297575732;-0,601803384;0,326069188;-1,117892713;0,701648849;-0,107971385;0,296738336;-0,971365471;-0,862398178;-0,108031648;-0,108030407;-0,107993114;-0,107981181;-0,108019656;-0,108040086;-0,108035597;-0,10803306;-0,108026423;-0,10796958;-0,649247977;-0,076474829;-0,108044949;-0,107978073;-0,107988689;0,193153953;-0,108013847;-0,108006898
-0,998725561;-0,07788676;-0,077923002;-0,900349619;-0,077883686;-0,759194108;-0,077895178;-0,718978579;0,504098938;-0,077904496;0,123951675;0,15381808;-0,077896745;-0,95845802;-0,077896037;-0,077899686;0,566809172;0,599688895;-0,077887709;-0,077913692;-0,077891849;-0,077914067;1,006073607;-0,077496118;-0,156018052;-0,471525317;-0,077897039;-0,077910975;-0,077910559;-0,077902645;-0,077912621;-0,445539324;0,576851528;-0,077910904;-0,077888643;-0,07791163;0,13159033;-0,077893235;0,030102091;0,133880186;-0,610212691;0,029147634;-0,581648278;-0,077920109;-1,024820856;0,506149898;-0,077893726;-0,077902369;0,076918836;-0,077899195;-0,60237974;-0,077915549;-0,077907358;0,279237972;-0,077902667;-1,011481529;-0,077902529;-1,342434769;-0,077922012;0,604113732;-0,09703518;-0,955638477;0,850074753;-0,876214264;0,546953022;-0,077901434;-0,077902259;-0,077893814;-0,077900178;-0,077911003;-0,077903273;-0,651650211;0,802516627;-0,977616594;0,183452692;-0,077894451;-0,077918633;-0,077900476;0,625952864;-0,077812158;-0,077915687;-0,07788716;-0,07788762;-0,077881743;-0,077884692;-0,077897884;-0,641121409;0,746459634;-0,077884242;0,56364137;0,053557666;-0,07790072;-0,575686543;-0,077882516;0,669940331;0,700726297;-0,881725837;0,363636047;-0,077912295;-0,077897721;-0,077916534;-0,077894248;0,089443921;-0,077886684;-0,437269175;0,611459381;0,558831567;0,100983678;0,837718474;-0,07791774;-0,427521663;-0,077902959;-0,708175333;0,500579889;-0,077891021;-0,077882634;-0,077893948;-1,036756456;0,200515696;-0,077906982;-0,077925804;-0,077915259;-0,063167605;0,515011102;-0,527900801;0,336087309;-0,679368555;0,312723541;-0,077884024;0,868194941;-0,56473364;1,071898317;-0,077915442;-0,077915508;-0,077895263;-0,077890251;-0,07791017;-0,077918898;-0,077920071;-0,07791733;-0,077914419;-0,077881891;-0,969001505;-0,904582956;-0,077923919;-0,077887259;-0,077893773;0,656212785;-0,077908779;-0,077904267
-1,255534485;-0,079168168;-0,079131796;-0,441860538;-0,079170611;0,710348129;-0,079159056;0,597190734;-0,675664242;-0,079148566;0,531626957;0,021526916;-0,079155512;-0,530728905;-0,079172242;-0,079154043;-0,303132927;-0,671845532;-0,079167329;-0,079143204;-0,07916188;-0,079140654;0,738072839;-0,078710146;-0,639565157;-0,298280939;-0,079158262;-0,07914461;-0,0791582;-0,079150736;-0,079150661;0,327096193;-0,336491921;-0,079165605;-0,079163075;-0,07914089;0,621350205;-0,079161021;0,294966454;-0,873683539;-0,025357296;0,357020058;-0,474825806;-0,079134449;0,779224702;-0,682593887;-0,07916135;-0,079155659;-0,311640817;-0,079155669;0,618405605;-0,079144256;-0,079145193;0,399274113;-0,079151193;0,433646509;-0,079155338;-0,684781847;-0,079131837;-0,555327809;-0,889227968;0,053809437;0,324950922;-0,229728535;0,236762897;-0,079152228;-0,079167669;-0,079162097;-0,079154612;-0,079143491;-0,079152675;-0,049036913;0,119985398;-0,911240872;-0,134233541;-0,079160986;-0,079136218;-0,079177744;-0,17277601;-0,078933908;-0,079140845;-0,079166196;-0,079166627;-0,079171305;-0,079168541;-0,079155541;0,557311205;-0,813256843;-0,07917191;0,167560765;0,688884475;-0,07915638;-0,812423582;-0,079170511;-0,728495373;0,260873211;0,454604677;-0,927846909;-0,07914312;-0,079156502;-0,079139285;-0,079162062;-0,939216998;-0,079168179;0,915458132;0,315538182;0,412917703;-0,903524963;0,161448107;-0,079138544;0,750267998;-0,079150417;0,08100117;0,13918548;-0,079163343;-0,079170639;-0,079163252;-0,061272244;-0,809772406;-0,079145232;-0,079130956;-0,079137844;0,114766711;1,162864317;0,272666292;0,493941717;0,77811825;0,612090042;-0,079168969;-0,217249687;0,672340443;-0,09927733;-0,079137858;-0,079138518;-0,07915934;-0,079163632;-0,079144186;-0,079132684;-0,079136208;-0,079137355;-0,079141799;-0,079170182;-0,906466871;-0,680119723;-0,079130099;-0,079166431;-0,079162883;0,33512991;-0,079146987;-0,079150871
-1,043583979;-0,070781544;-0,070721774;-0,216976659;-0,070786389;0,247456948;-0,070766911;-0,291655918;0,436588053;-0,070751856;0,031370204;-0,712326767;-0,07076245;-0,742956741;-0,070783835;-0,070757258;0,207222739;0,445608641;-0,070779001;-0,070739648;-0,070770992;-0,070737412;-0,48623118;-0,070335701;0,41907315;-0,588011717;-0,070766425;-0,070742958;-0,070760764;-0,070755382;-0,070759802;0,617285403;-0,643639035;-0,070762332;-0,070775868;-0,070737508;-0,628807572;-0,070771331;-1,143902564;0,370005745;-0,19370746;0,201687521;0,579388728;-0,070726905;0,689542882;-0,773968813;-0,070768954;-0,070760016;0,272382931;-0,070762861;0,382328342;-0,070740594;-0,070744793;-0,796050819;-0,070757027;0,225735536;-0,070759767;-0,682131716;-0,070722287;-0,776629397;-0,016119467;0,599369268;0,255495523;0,123370185;0,251817477;-0,070756644;-0,07075583;-0,070771573;-0,070759369;-0,070741471;-0,070756425;-0,685791397;0,787977232;-0,567593927;-0,000601616;-0,070771118;-0,070728605;-0,070787635;0,872738098;-0,070630272;-0,070736502;-0,070779485;-0,070778286;-0,070787647;-0,070783853;-0,070763633;0,62749672;-0,575402221;-0,070788702;-0,034918497;-0,389150714;-0,07076233;0,369917433;-0,070785324;0,526159513;0,043887156;0,648046477;-0,947840746;-0,070740648;-0,070763958;-0,070734601;-0,070791227;0,315474033;-0,070783193;0,600213085;-0,393868612;0,526828355;-0,924202675;0,917917808;-0,070733725;0,493319854;-0,070751398;0,054092152;-1,00547335;-0,070774896;-0,070789079;-0,070773097;0,459034702;0,371335252;-0,070743508;-0,070721496;-0,070731862;0,208379177;-0,501552571;0,758813491;0,548242427;-0,710383548;-0,995181483;-0,070786143;-0,617254067;-0,51703916;-0,169733207;-0,070732197;-0,07073282;-0,070766585;-0,070775069;-0,070743139;-0,070724838;-0,07072856;-0,070730981;-0,070736268;-0,070787571;-0,858747545;-0,538202288;-0,070721298;-0,070777704;-0,070772978;0,030513669;-0,070748204;-0,070752191
-1,064711309;-0,062157918;-0,062121624;-0,354662779;-0,062161934;-0,595638331;-0,062149696;0,284439186;-0,999625833;-0,062139509;-0,167223472;-1,157960449;-0,062145292;0,464192597;-0,062164852;-0,062141469;-0,401208511;0,570189503;-0,062157271;-0,062130689;-0,062150714;-0,06212969;-0,736383799;-0,061675937;-0,440724471;-0,345979301;-0,062148965;-0,062134439;-0,062149455;-0,062141967;-0,062145196;-0,73371898;-0,297426946;-0,062160221;-0,062153484;-0,062130926;-0,896190559;-0,06214994;0,250677743;0,295876775;-0,279841673;-0,744576988;0,728173154;-0,06212366;0,224871365;0,290610885;-0,062148317;-0,062144621;-0,081122691;-0,06214639;-0,589888219;-0,062134156;-0,062134859;0,274569516;-0,062140749;0,525643617;-0,062142486;0,590160151;-0,062119907;0,51596065;0,21491419;0,746758452;-0,376557786;-0,61593657;-1,03769445;-0,062140818;-0,062108106;-0,062151799;-0,062143873;-0,062131169;-0,062142636;0,515161022;0,761389699;0,365341283;0,549270418;-0,062150839;-0,062124047;-0,062168924;-0,103020189;-0,061861146;-0,062130074;-0,062155709;-0,062154732;-0,062162361;-0,062158057;-0,062145755;-0,812883971;-0,166022127;-0,062162462;0,306625877;-0,5137744;-0,062147137;0,62146177;-0,062159906;-0,603656861;0,537253671;-0,458751901;-0,318045993;-0,062130371;-0,06214542;-0,062128306;-0,062157377;0,273631568;-0,062158259;-0,53629517;-0,62625193;0,302157413;-0,646180326;-0,270584348;-0,062127324;-0,710553997;-0,062140218;-0,768900265;-0,612512909;-0,062153195;-0,062161732;-0,062151742;0,358653537;-0,124822222;-0,062134786;-0,062119858;-0,062126774;0,188109103;-0,40737;0,686250861;0,713547373;-0,629474087;0,180898164;-0,062160239;-0,461929501;0,670479071;0,546151611;-0,062126346;-0,062127023;-0,062147544;-0,062153333;-0,062131963;-0,062123118;-0,062122993;-0,062126871;-0,062128634;-0,062161733;0,335042415;0,576048072;-0,062117798;-0,062157611;-0,062150784;0,441265244;-0,062135405;-0,06213919
-1,4460358;-0,085541199;-0,085541751;0,129024993;-0,085541538;-1,141668009;-0,085541467;-0,661721297;0,219010224;-0,085540696;-0,181333432;0,268877178;-0,085541219;-0,276088024;-0,085550791;-0,085541969;0,136720291;-0,320582677;-0,085541254;-0,085543401;-0,085541622;-0,085542383;-0,585426041;-0,085039809;0,628483598;-0,615614613;-0,085542068;-0,085540236;-0,085552601;-0,085540514;-0,085558168;0,597641493;0,511608109;-0,085561078;-0,085541603;-0,085541095;0,486595223;-0,085540186;0,096704832;0,221565526;-0,718958815;-0,434757025;1,045312023;-0,085542523;0,215965298;-1,274837832;-0,085541154;-0,085542378;0,261397141;-0,085540295;0,100144804;-0,085545919;-0,0855402;0,240332116;-0,085540272;0,421187726;-0,085541473;-0,955215516;-0,085542484;0,938533261;-1,029941417;-0,862360225;0,173607621;0,209127333;0,663255714;-0,085541659;-0,085536536;-0,085542333;-0,085540802;-0,085542644;-0,085541025;0,69868479;0,233616836;0,799513343;-0,752182059;-0,085544116;-0,08554177;-0,08555915;0,856562424;-0,085454528;-0,085542581;-0,085540728;-0,08554095;-0,085541697;-0,085540326;-0,085541999;-0,750407667;0,172230147;-0,085542603;0,324109158;0,580816668;-0,08554254;0,489556776;-0,085541673;0,625566512;0,1654293;0,169740627;-0,903246021;-0,085541004;-0,085542599;-0,085541734;-0,085571074;0,391793223;-0,085539811;-0,730267119;0,009723682;0,527923938;0,549547931;-0,673297964;-0,085542308;0,623526751;-0,085542902;0,140784659;-0,951141588;-0,085541416;-0,085541572;-0,085546751;0,38988336;0,32776063;-0,08554119;-0,085544407;-0,085541022;0,126158394;-0,021036539;-0,710023168;-1,034915664;-0,085785095;0,152394238;-0,085541883;-0,517836698;0,805532356;-0,459916352;-0,085541726;-0,085542206;-0,085540172;-0,085541797;-0,085540844;-0,085541195;-0,085542782;-0,085540533;-0,085541221;-0,085542476;-0,22528458;-0,645818301;-0,085543616;-0,085542737;-0,085542503;0,160998989;-0,085541696;-0,085541133
-0,854936191;-0,052185466;-0,052171326;-0,311495656;-0,052187407;-0,784665708;-0,052182824;0,309598531;-0,097252659;-0,052178331;-0,740894072;0,452960279;-0,052180537;0,466714202;-0,052193012;-0,052179214;-0,559945818;-0,575551557;-0,05218466;-0,052175596;-0,052183729;-0,05217446;0,670129467;-0,051850358;-0,623551093;-0,469717944;-0,052182897;-0,052176853;-0,05218505;-0,052178898;-0,052184073;0,627952052;-0,244749632;-0,052196445;-0,052185096;-0,052173822;0,502299657;-0,05218299;0,415234417;0,307146934;0,113695758;-1,168961671;-0,699221955;-0,052172695;-0,469614343;-0,987965089;-0,052183725;-0,052181145;-0,210074309;-0,052181529;0,787197283;-0,052177126;-0,052174168;0,379344287;-0,052180081;0,295808425;-0,052181263;-0,566633072;-0,052168646;-0,475018212;0,409568254;-0,669448365;0,368539969;-0,818616538;0,312489638;-0,052178811;-0,052146798;-0,052183289;-0,052180579;-0,052175455;-0,052178931;0,601437343;-0,60494528;-0,654178736;-0,836851744;-0,052184137;-0,052173101;-0,052192592;-0,098438975;-0,051948556;-0,052174344;-0,052186357;-0,052186444;-0,05218718;-0,0521869;-0,052181445;-0,834735983;-0,613031386;-0,052187662;0,138292996;-0,969713322;-0,052180889;0,532423228;-0,052185656;0,451652418;0,295675022;0,648104375;0,818669687;-0,052173641;-0,052180991;-0,052173885;-0,052177686;-0,019351907;-0,05218697;-0,658201825;-0,718587735;0,468217954;-0,826932882;-0,389912956;-0,052174118;0,479261645;-0,052177575;0,625605972;-0,457237214;-0,052183385;-0,052187995;-0,052184536;0,150812469;-0,902605248;-0,052176772;-0,052171349;-0,05217384;0,158668874;-0,8087296;0,410683272;0,402629125;-0,582838046;0,388981542;-0,052187318;-0,592134016;-0,911219553;0,994597129;-0,052173507;-0,052173088;-0,052180645;-0,052185288;-0,052175676;-0,052171415;-0,052173069;-0,052172895;-0,052174864;-0,052187756;0,632209189;-0,658017184;-0,052169844;-0,052186019;-0,052184596;0,492713698;-0,052176613;-0,052177591
-0,854227006;-0,064480329;-0,064416565;-0,596415046;-0,064486732;-0,153775231;-0,064463901;0,766008632;0,531244906;-0,064448064;-0,583966535;-0,719519308;-0,064460761;0,418273314;-0,06447809;-0,064455826;-1,068041723;0,830643394;-0,064477551;-0,064434429;-0,064470174;-0,064431614;0,358197555;-0,064124905;-0,987183359;0,445843759;-0,064463219;-0,064438564;-0,064455113;-0,064452491;-0,064447914;-0,82006998;-0,580270497;-0,064452518;-0,064474781;-0,06443427;-0,159168835;-0,064467579;-0,863101067;0,439909273;0,242113672;0,174780327;0,100025942;-0,064421701;0,366362757;0,52014854;-0,064466851;-0,064457049;0,437702406;-0,064457142;0,088655193;-0,064436917;-0,064439517;-0,610351827;-0,064452256;-0,572092886;-0,064455408;0,355614174;-0,064416487;-0,967609558;0,137520549;0,464781084;-0,2743603;0,352344072;0,474886354;-0,064452803;-0,064426784;-0,064469495;-0,064456514;-0,064435811;-0,064452111;0,28525613;-0,520911103;-1,286062632;0,6878833;-0,064466707;-0,064423605;-0,064484091;-0,841707158;-0,064352248;-0,064430175;-0,064478512;-0,064476331;-0,064488993;-0,064483334;-0,064459707;-0,953927612;-0,443512583;-0,064486836;0,129713216;-0,354581162;-0,064460727;0,493187094;-0,064484771;0,550170189;-0,488266488;-0,480548276;0,947665511;-0,064435406;-0,064460068;-0,064429115;-0,064472322;-0,35308611;-0,06447996;-0,089343667;-0,520526331;-0,591512507;0,559514009;-0,783083129;-0,064429103;-0,487014106;-0,064447947;0,789457243;-0,420076767;-0,064474112;-0,064487635;-0,064470423;-0,583682647;0,633019667;-0,064441537;-0,064415605;-0,064427652;-0,211262026;0,076111262;0,683571169;0,326128279;-0,19102319;0,874776689;-0,064484662;0,552135728;-0,429330344;-0,513242936;-0,064426245;-0,064428736;-0,064463122;-0,064474917;-0,064436688;-0,064419154;-0,064423511;-0,064426105;-0,064432603;-0,064487387;-0,229032794;-1,11666507;-0,064413285;-0,064476539;-0,064470306;-0,361848561;-0,064443695;-0,06444814
-1,223951792;-0,078053848;-0,078102157;-0,717427143;-0,078049533;-1,071826385;-0,07806617;0,202018874;-0,664087861;-0,078078097;0,308628927;0,37347884;-0,078069057;1,040688125;-0,078072221;-0,078072667;-0,539921598;0,563670448;-0,078054644;-0,078091868;-0,078061724;-0,0780907;-0,822143393;-0,077597988;-0,214329433;-0,138580783;-0,078068125;-0,078086755;-0,078088679;-0,078076094;-0,078093461;-0,615387433;0,199364068;-0,078077918;-0,078058596;-0,078089641;0,370836012;-0,078063566;0,123265534;0,408390492;-0,835276555;0,444221232;0,859149621;-0,078101273;-0,735507447;0,201280522;-0,078065834;-0,078072799;0,378516145;-0,078071496;-0,585244872;-0,078095258;-0,07808488;0,172684512;-0,078076326;-0,714360705;-0,078074724;0,771518952;-0,078102372;0,553127226;-0,499012953;0,457729985;-1,187308214;-0,457657801;-0,378837299;-0,078076056;-0,078104343;-0,078064054;-0,078074084;-0,078088604;-0,078076375;0,516286095;0,16968894;0,461849962;-1,050440898;-0,078067952;-0,078099188;-0,078084982;-0,50839185;-0,07790436;-0,078093113;-0,078056687;-0,078056747;-0,078049641;-0,078050893;-0,078069266;-0,629966346;0,474197413;-0,078050113;0,365453638;0,425088532;-0,078070684;-0,655066031;-0,078049767;-0,005256207;-1,433663849;-0,598589426;0,176074796;-0,0780894;-0,078070189;-0,07809358;-0,078101894;-0,167868429;-0,078052202;0,565002875;0,621952368;0,490072005;-0,090499147;0,520295687;-0,078094561;-0,425352242;-0,078078216;0,629899322;0,522099692;-0,078060656;-0,078049486;-0,078067965;0,383588672;0,77023177;-0,078084991;-0,078106222;-0,078095341;0,013171422;0,542463683;-0,658920475;-1,212985311;-0,482312632;0,195172318;-0,078053613;0,918398208;-1,047138016;-0,831014673;-0,078095008;-0,078094998;-0,078067281;-0,078057737;-0,078086859;-0,078099721;-0,078099884;-0,078095172;-0,078090956;-0,078048335;0,569450112;0,297417772;-0,078104991;-0,078056319;-0,078064287;0,409982933;-0,078083269;-0,078077251
-0,992878134;-0,067905711;-0,067874191;-0,253721915;-0,06791076;0,47159846;-0,06789916;-0,317857162;0,470440242;-0,067890088;0,445715622;-0,707260181;-0,067896753;-0,520931128;-0,067910904;-0,067894171;0,449103112;0,246670435;-0,067905199;-0,067884977;-0,067901154;-0,067882936;-0,315586715;-0,067428453;0,676000666;0,933769662;-0,067899414;-0,067885177;-0,067898268;-0,067891115;-0,067901496;-1,027291629;-0,38245552;-0,067912213;-0,067902069;-0,067882818;-0,509860475;-0,067900835;-0,017013583;0,101632892;0,300986786;0,28741707;-0,453489204;-0,067876248;-0,810036746;-0,657792723;-0,067899419;-0,067894792;0,388297411;-0,067895021;0,439463666;-0,067884508;-0,067886469;-0,80031053;-0,067892322;0,320851615;-0,067895565;-0,61552312;-0,067873211;-0,487094952;-0,668279051;-0,497575701;-0,067389048;0,343702558;0,138110635;-0,067893029;-0,067908419;-0,067901835;-0,067894313;-0,067884362;-0,067891127;-0,596448255;-0,865268935;0,357479254;-0,405159246;-0,067901119;-0,067877969;-0,067918417;-0,623862993;-0,067740179;-0,067882378;-0,067905921;-0,067905665;-0,067910588;-0,067907172;-0,067895244;0,583245345;0,144713479;-0,067911217;0,078449769;-0,395420513;-0,067896138;0,424051988;-0,067910028;0,460253731;-0,270949692;0,459658052;0,774506259;-0,067883932;-0,067896514;-0,067879774;-0,067911849;0,390576937;-0,067907281;0,519985184;-0,319003565;0,118879091;-0,758509047;-0,757416011;-0,067880635;0,394340617;-0,067890565;0,340957697;0,754069668;-0,06790268;-0,067910202;-0,067902404;0,252916001;-0,887698184;-0,067885843;-0,067873631;-0,067880192;-0,227089737;-0,161080308;0,415574544;-0,707766695;0,452850853;0,634858203;-0,067908647;-0,570873542;-0,240669018;-0,449531533;-0,067878828;-0,067880754;-0,067899227;-0,06790337;-0,067883364;-0,067875033;-0,067876637;-0,06788068;-0,067883221;-0,06791076;0,384019507;-0,499864314;-0,06787345;-0,067905606;-0,067901846;0,025373501;-0,067885859;-0,067890601
-1,171107454;-0,056008584;-0,055909712;0,715971542;-0,056019324;-0,272645665;-0,05598328;-0,71790668;-0,259505204;-0,055956791;-0,378820271;-0,630281225;-0,055976389;0,550728885;-0,056009462;-0,055968269;0,549640151;0,335900489;-0,056005081;-0,055936828;-0,055991611;-0,055931418;0,247899715;-0,055546217;-0,975331646;-0,579443129;-0,05598196;-0,055941254;-0,055970043;-0,055964519;-0,055959071;-0,794840738;-0,328627432;-0,055973329;-0,055997746;-0,055934115;0,357144218;-0,055991375;-0,625456612;-0,301846634;0,288777391;-0,41110735;-0,115123176;-0,055915115;0,415616835;0,26273151;-0,055984783;-0,05597085;-0,392099171;-0,055975565;0,614500409;-0,055939002;-0,055945885;-0,850463578;-0,055964436;-0,389740682;-0,055968747;0,082230044;-0,055906811;0,616610295;0,067439881;0,418596807;1,039508917;0,160746156;0,752697868;-0,055965365;-0,055929162;-0,055991144;-0,055970042;-0,055936993;-0,055963029;-0,696685415;-0,343702872;0,294683895;0,574124219;-0,055987889;-0,05591828;-0,056010986;0,979293798;-0,05576167;-0,055931746;-0,056004219;-0,056002826;-0,056018585;-0,056014085;-0,055976689;0,750715141;0,875949946;-0,056020267;-0,648133529;-0,305257494;-0,05597741;0,344006403;-0,056015158;-0,994993663;-0,491944599;-0,501951204;0,691970415;-0,055938201;-0,055976525;-0,055927812;-0,056008495;-0,590658897;-0,056009995;-0,217258938;-0,778911537;-0,806807998;-0,173370684;-0,399970485;-0,055924878;-0,176325313;-0,055959016;-0,810145382;-0,731870298;-0,055997928;-0,056020024;-0,055991486;-0,604529346;0,229837863;-0,055945398;-0,055906035;-0,055925946;-0,569497507;-0,463083301;0,517159457;-0,695060498;0,143502659;-0,070862411;-0,056015054;0,248567743;0,245493287;0,917176747;-0,055923913;-0,055925833;-0,055982001;-0,055999516;-0,055940957;-0,055911979;-0,055918255;-0,055922506;-0,055930696;-0,056018053;-0,52400061;0,274125326;-0,055905927;-0,056004348;-0,055991578;-0,251796699;-0,055948422;-0,055959349
-0,723397723;-0,047691999;-0,047582754;0,397120522;-0,047703515;-0,465672963;-0,04766648;0,730357241;-0,885039397;-0,047636308;-0,528791221;-0,334830723;-0,047658618;-0,244239949;-0,047687401;-0,047649811;0,561059647;0,517287394;-0,047688971;-0,047612022;-0,04767501;-0,047609866;0,200758215;-0,047342122;0,51601812;-0,400007679;-0,047663159;-0,047621178;-0,047645412;-0,047644037;-0,047631927;0,901930976;0,170723911;-0,047649357;-0,04768293;-0,047612234;0,233903665;-0,047672646;0,420465184;-0,265366521;0,537204756;-0,667446049;-0,176028446;-0,047589806;0,327265773;-0,852155312;-0,047668529;-0,047653467;-0,574937062;-0,047655064;-1,03844763;-0,047614692;-0,047623144;-0,045784318;-0,047644626;-0,510455891;-0,047649659;0,260699077;-0,047582133;-0,063422205;0,170366572;-0,028311707;-0,690268561;0,050529085;-0,972422794;-0,047645381;-0,047609639;-0,047672505;-0,047649784;-0,047616354;-0,047644642;0,572885178;-0,52938786;0,174529938;-0,872931969;-0,047669782;-0,04759504;-0,047685459;-0,867985183;-0,047528604;-0,04760866;-0,047690116;-0,04768642;-0,047706602;-0,047699223;-0,047659414;0,599507322;-0,815819129;-0,047703385;-0,657901998;-0,25345342;-0,047658164;0,245001065;-0,04770078;0,505157634;-0,514443447;-0,371252465;-1,063524646;-0,047616338;-0,047659625;-0,04760516;-0,047686969;-0,74246677;-0,047694786;-0,420572487;0,965940904;1,096083725;0,131962544;-0,235948042;-0,047601422;-0,252909989;-0,047639059;0,530383957;0,617717162;-0,047681129;-0,047704323;-0,047675726;-0,674950056;-0,000691112;-0,047625937;-0,047579742;-0,047601751;-0,730874756;-0,385526298;0,592634377;-0,872646508;0,11044774;-0,498922294;-0,047698773;-0,442160028;0,310636035;0,899845957;-0,047601874;-0,047602613;-0,047665283;-0,047682871;-0,047619329;-0,047588993;-0,047595549;-0,047601207;-0,047609981;-0,04770341;-0,338104931;0,377848189;-0,047580399;-0,047687573;-0,047672533;-0,497726648;-0,047627938;-0,047639818
-1,192150612;-0,085116172;-0,085113303;-0,35971382;-0,08511609;0,337829864;-0,085114205;-0,559085981;-1,03343698;-0,085114052;-0,055465017;-0,976788353;-0,085113889;-0,20780426;-0,085123057;-0,085114084;0,37551569;0,362123914;-0,085116675;-0,085115336;-0,085113805;-0,08511587;0,423586692;-0,08469763;-0,634173988;-0,341214269;-0,085116708;-0,085115919;-0,085121792;-0,08511473;-0,085123875;-0,270436564;-0,402153311;-0,085120104;-0,085115532;-0,085114579;-0,590783243;-0,08511473;-0,994699582;0,742279723;0,356894954;0,224501237;-0,444648575;-0,085114801;-0,708080817;-0,704376528;-0,085116633;-0,08511615;0,620379256;-0,08511394;0,143029306;-0,08511886;-0,085114351;0,452437893;-0,085115569;-0,426926575;-0,085116224;-0,582370756;-0,085115762;-0,563013923;0,330761884;0,494769195;-0,544682853;0,615313663;0,205827451;-0,085114765;-0,085117236;-0,085115911;-0,085116331;-0,085114908;-0,085115514;-0,113742213;0,693991727;-0,569028044;-0,166120125;-0,08511717;-0,085114929;-0,085131869;-0,598580036;-0,084906073;-0,085114435;-0,085115863;-0,085116216;-0,085116093;-0,085114537;-0,085115635;-0,387386411;0,317409047;-0,085117214;0,142192469;-0,760200003;-0,085116338;0,544049816;-0,085115814;-0,802681409;-0,575857014;0,44553501;0,358066822;-0,08511451;-0,085115616;-0,085115334;-0,085118586;0,227538753;-0,085115181;-0,043053242;0,365744515;0,522919068;0,451784142;0,775417473;-0,085115203;-0,446540096;-0,085115908;0,403851928;0,67935224;-0,085115819;-0,085116037;-0,085117333;0,266320534;-0,618422693;-0,085113656;-0,085114795;-0,085115699;0,407162993;0,693516533;0,434744952;0,04799398;-0,780539108;-0,418252054;-0,085116465;0,580330085;-0,580600056;0,684654568;-0,085113866;-0,085114498;-0,085114996;-0,08511597;-0,085116038;-0,085115402;-0,085114947;-0,085114654;-0,085114305;-0,085115535;0,590438735;0,533788143;-0,085114275;-0,085115448;-0,085116274;-0,670343668;-0,085114773;-0,085114007
-1,00434997;-0,062857908;-0,063009178;-0,636489981;-0,06284186;-0,457915246;-0,062893733;-0,571790032;0,342474828;-0,062934693;0,677309671;0,338644512;-0,062904704;0,549165957;-0,062881118;-0,062918521;0,428080053;-0,291161983;-0,062861951;-0,062969943;-0,062881472;-0,062972764;0,275502144;-0,062600431;0,570274612;0,91500528;-0,062898388;-0,062956749;-0,062936329;-0,062924043;-0,062948168;-0,418341976;-0,4422519;-0,062930535;-0,062872974;-0,06296823;0,171351782;-0,062883771;-0,386889388;-0,568356395;0,405239458;-0,721983947;-0,333796747;-0,063001749;-0,699253063;0,401539883;-0,062892774;-0,062915774;-0,592660992;-0,062908074;-0,797170233;-0,062972639;-0,062953913;0,521066289;-0,062923503;-0,5581367;-0,062919979;0,418454529;-0,063010801;0,363763305;0,366330601;-0,547776776;0,557956566;0,380301794;-0,532256733;-0,06292467;-0,062976893;-0,062884061;-0,062916845;-0,062963087;-0,062924915;-0,522165571;-0,465516128;-0,154551144;0,375151995;-0,062892471;-0,062996532;-0,062885456;0,552393248;-0,062604134;-0,062973783;-0,062860848;-0,062867093;-0,062838064;-0,062850362;-0,062903327;-0,734125723;0,395111332;-0,062841935;-0,808484356;-0,205497716;-0,062906961;0,284182782;-0,062845447;0,426199769;0,668574179;0,611957337;-0,728465643;-0,062964169;-0,062906056;-0,06297802;-0,062885551;-0,672309413;-0,062856179;-0,355532538;0,214345841;-0,620809794;0,194600902;-0,354264975;-0,062985692;-0,479092979;-0,062934202;-0,150297163;-0,404538725;-0,06287536;-0,062840623;-0,062891059;0,709935389;0,262611948;-0,062952669;-0,063019176;-0,062985182;-0,854978995;-0,184101827;-0,645141681;0,143541351;0,321323989;-0,28999641;-0,062848075;-0,695442027;0,054906922;-0,277115443;-0,062985826;-0,062982815;-0,062895677;-0,06287155;-0,062959943;-0,063001156;-0,062994999;-0,062987709;-0,06297404;-0,062840674;0,815438346;0,601143166;-0,063014272;-0,062863732;-0,062885845;-0,503197648;-0,06294611;-0,062931437
-0,907959678;-0,05658293;-0,056499142;-0,287209999;-0,056592176;0,623772553;-0,056562591;-0,610117547;0,222734588;-0,056538629;-0,428756649;0,423047501;-0,056556834;0,636919927;-0,056582193;-0,056548996;-0,550373323;-0,623513714;-0,056580573;-0,056522561;-0,056568845;-0,056519576;-0,724941497;-0,056204262;-0,482314428;0,943289861;-0,056559676;-0,056527829;-0,056548054;-0,05654568;-0,056538945;-0,699531478;-0,490310004;-0,056565405;-0,056575346;-0,056522353;-0,61358353;-0,056567618;0,165218469;0,392323165;0,226002452;-0,955279818;0,839670902;-0,056504732;-0,554276898;0,348752331;-0,056562711;-0,056550312;0,336838128;-0,056554894;-0,541312492;-0,056523005;-0,056528944;-0,794200888;-0,056545625;0,599480095;-0,056548855;0,660266635;-0,056498921;0,698687471;-0,822866701;-0,640093696;0,363259993;-0,632175914;0,383802164;-0,05654579;-0,05651084;-0,056568281;-0,056551428;-0,056524935;-0,056544257;-0,943778647;-0,560553127;0,501715123;0,71099195;-0,056566076;-0,056506282;-0,056584665;-0,357213023;-0,056337131;-0,056519078;-0,05657843;-0,056579114;-0,056591443;-0,056586943;-0,05655573;-0,484843368;-0,48417043;-0,056593653;0,216021791;0,679773734;-0,056557436;-0,65001095;-0,05658969;-0,405077248;0,19637386;0,529854939;-0,642950398;-0,056522396;-0,056556472;-0,056515633;-0,056571738;-0,129443335;-0,05658315;0,470428814;-0,43074355;0,357912665;-0,528616965;-0,329650365;-0,056513006;0,879831967;-0,056540629;-0,776089503;-0,468985336;-0,056573234;-0,056592547;-0,05656778;0,297725528;0,502345275;-0,05652932;-0,056494496;-0,056513232;0,118527145;-0,646068135;-0,612197449;0,419669975;-0,443465151;0,337417699;-0,056587906;-0,386510439;-0,601283049;-0,390129362;-0,056512286;-0,056513145;-0,056560522;-0,056575928;-0,056525299;-0,056502435;-0,056508714;-0,056510463;-0,05651776;-0,056592252;0,421879879;-0,877098906;-0,056494406;-0,056578621;-0,056569819;0,198366225;-0,056534802;-0,05654005
-1,136662298;-0,077199125;-0,077169148;-0,49779401;-0,077202823;-0,914419326;-0,077193519;0,684247272;0,432839993;-0,077184171;0,507783948;0,440573984;-0,077189646;0,649628596;-0,077207611;-0,077187628;-0,414861705;-0,314728176;-0,077199081;-0,077178367;-0,07719329;-0,077175143;0,67223403;-0,076777771;-0,37771776;-0,311787611;-0,077190866;-0,077180117;-0,077193304;-0,077186152;-0,07718956;0,976663478;-0,238098324;-0,077211417;-0,077197077;-0,077176836;0,948330605;-0,077194373;0,214009459;0,118672798;0,011727926;-0,916284503;0,871344628;-0,077170757;-0,068776438;0,50885364;-0,077190853;-0,077188437;0,097608611;-0,077188508;-0,631363465;-0,077180783;-0,077179549;0,198273359;-0,077186199;-0,897569299;-0,077188169;-0,890144921;-0,077168121;-1,031661592;-0,727575155;-0,762620512;0,556015767;-0,313833714;0,111641487;-0,077185654;-0,077167927;-0,077195111;-0,077188418;-0,077177953;-0,077185145;0,740970855;-0,628619665;0,231131202;0,7981456;-0,07719468;-0,077169843;-0,077209561;-0,353061064;-0,07692155;-0,077176024;-0,077196322;-0,077198087;-0,07720261;-0,077200204;-0,077189255;0,948754881;-0,957526779;-0,077202745;0,110042977;-0,828881878;-0,077190058;0,898487143;-0,077201843;-0,443309312;-0,061350654;-0,829173972;-0,973244505;-0,077176869;-0,077190092;-0,077174748;-0,077199463;0,127342561;-0,077198731;0,642591357;-0,748194884;0,226899737;-0,442518229;0,384947586;-0,077174291;-0,161146618;-0,077184589;-0,87849906;-0,296287271;-0,077196928;-0,077202553;-0,077195873;0,201486404;0,230040418;-0,077179228;-0,077169332;-0,077173124;0,133271404;1,092879698;0,206427122;-0,898737439;-0,281840919;0,357178822;-0,077200674;-0,425882284;0,236898192;-0,7232592;-0,07717425;-0,077172603;-0,077190114;-0,077197432;-0,077178306;-0,077169462;-0,077172416;-0,077172761;-0,077175125;-0,07720175;0,266474046;0,70515759;-0,077168292;-0,077197262;-0,077194168;0,210896351;-0,07718081;-0,077185816
-1,122440949;-0,082086271;-0,082071589;-0,378149166;-0,082088231;0,328237367;-0,082082143;0,000360016;0,412536721;-0,082077752;0,242212332;-0,135749062;-0,082081575;0,74566742;-0,082095189;-0,082080407;-0,601010297;-0,739790323;-0,082086131;-0,082075035;-0,08208458;-0,082073738;0,468746152;-0,081611829;-0,506238131;1,014483706;-0,082082518;-0,082076545;-0,082086311;-0,082078748;-0,082084579;-0,68096466;-0,728594698;-0,082089999;-0,082083932;-0,082074994;-0,945880513;-0,082083854;0,316129536;-0,062894316;0,273150052;0,596905677;-0,83026455;-0,082070858;-0,552073098;0,146159731;-0,082083537;-0,08208153;0,293893091;-0,082080991;-0,421032013;-0,082078712;-0,082076301;0,210938064;-0,082079212;-0,589987979;-0,082080112;-0,721378609;-0,082070351;-0,535177995;-0,376159489;0,966928651;-0,790725008;-0,521166355;0,335658564;-0,082080537;-0,082074383;-0,082084011;-0,082080484;-0,0820766;-0,082080804;-0,870632509;0,675924689;-0,773868857;0,753847099;-0,082084833;-0,082073716;-0,08209976;-0,405418001;-0,081798231;-0,082073765;-0,082084205;-0,082085116;-0,082087485;-0,082085403;-0,082081141;0,873895264;0,724050772;-0,082088653;0,208072492;0,157364813;-0,082080736;-0,66872071;-0,082087144;0,771096575;0,408583357;0,146471305;0,351783155;-0,082074334;-0,082082597;-0,082073045;-0,082096738;0,292337881;-0,082085336;0,314829286;-0,954333581;0,361019997;0,330095416;-0,64898649;-0,082072231;-0,233008613;-0,082078916;-0,603189705;0,068770124;-0,082082759;-0,082087892;-0,082084308;0,276676531;0,621667106;-0,082077298;-0,08207112;-0,082073201;0,039832154;0,505618977;-0,607939571;-0,497144074;-0,346898439;-0,533766684;-0,082086518;-0,527417555;0,364335537;-0,56600997;-0,082072446;-0,082072908;-0,082081678;-0,082083973;-0,082075784;-0,082071738;-0,082072381;-0,082072544;-0,082075266;-0,082087319;0,238695063;0,463402531;-0,082070365;-0,082085473;-0,082084326;0,348992633;-0,082076504;-0,082079828
-1,173366991;-0,086001263;-0,085966108;-0,6226844;-0,086004898;0,763653019;-0,085994417;0,402793346;0,20431316;-0,085984038;0,264987017;0,071197887;-0,085991224;-1,052604425;-0,086009292;-0,085987827;-0,218508772;-0,76204263;-0,086001529;-0,085975981;-0,085995286;-0,085973544;0,261382478;-0,085537276;-0,657878337;-0,6786589;-0,085993543;-0,08597833;-0,08599423;-0,085984678;-0,085989145;-0,498456992;0,771739785;-0,086002122;-0,085997879;-0,085974891;0,586143711;-0,085995865;0,050943732;-1,050359621;0,578165047;0,616700563;-0,791900183;-0,08596876;-0,42592921;0,130150257;-0,085992975;-0,08598985;-0,10569173;-0,085989331;-0,697556745;-0,085978478;-0,085979337;-0,744368376;-0,085986563;0,636942654;-0,085987325;0,633169474;-0,085964575;0,697279223;-0,587752362;-0,751486825;0,19292426;-0,546915747;-1,13565893;-0,085984733;-0,085977186;-0,085996687;-0,085987778;-0,085976978;-0,085987539;0,74387713;-0,71800506;0,625263239;0,751529752;-0,085996493;-0,085969029;-0,086011623;-0,425934937;-0,085751884;-0,085975478;-0,086001861;-0,086000008;-0,086006997;-0,086002718;-0,0859914;-0,382501342;0,528090517;-0,086006885;0,273935128;0,262092974;-0,08599152;-0,538495252;-0,086006181;-0,791879638;0,756908318;0,436480564;0,304838454;-0,085976796;-0,085990939;-0,085973416;-0,086014535;0,621433403;-0,086002289;0,69121056;0,444004664;0,323299519;-0,109608346;-0,677817653;-0,085971164;-0,725889102;-0,085984337;-1,103418331;0,076218651;-0,085999177;-0,086005582;-0,08599645;0,317139594;-1,097682312;-0,08597864;-0,085965553;-0,085971744;0,07933616;0,835693054;-0,699015181;0,344324327;-0,766898654;-0,645503672;-0,086006422;0,74220434;0,566479744;-0,438549793;-0,085972109;-0,085970695;-0,085992171;-0,08599972;-0,085978488;-0,085968196;-0,085968493;-0,085970307;-0,085973129;-0,086006763;0,731957528;0,510501937;-0,085964665;-0,086000168;-0,085997621;0,167984619;-0,085980065;-0,085984725
-0,493906697;-0,036837641;-0,036752037;-0,432446645;-0,036845498;-0,40407727;-0,036816429;0,492570044;0,460284638;-0,036795266;-0,53263795;-0,591132984;-0,036811162;0,277545632;-0,036830751;-0,036802414;-0,623390774;-0,700650049;-0,036834844;-0,036775127;-0,036823478;-0,036772238;-1,059681627;-0,036645494;0,619061822;0,641698378;-0,036814997;-0,036782395;-0,036799195;-0,036799121;-0,03679164;0,242681398;-0,268007135;-0,036804395;-0,036828391;-0,036776452;-0,538268785;-0,036822402;-0,378007842;-0,180126722;-0,016949416;-0,513378705;-0,186609068;-0,036757385;0,300595384;0,376795777;-0,036817793;-0,036804843;-0,600198876;-0,036807553;0,308522594;-0,036776792;-0,036783054;-0,691710359;-0,036801098;0,68148034;-0,036803757;0,210827982;-0,036752025;0,36260795;0,316486522;-0,929745039;-0,713671779;0,345397137;-0,119515074;-0,036799746;-0,036787506;-0,036823907;-0,03680507;-0,0367781;-0,036798161;-0,015128313;-0,521467621;0,595343961;0,459562703;-0,036818605;-0,0367593;-0,03683236;-0,637525857;-0,036761753;-0,03677227;-0,036835006;-0,036832187;-0,036846463;-0,036841196;-0,036811472;0,919993682;-0,153159297;-0,036846485;-0,771570571;-0,372556196;-0,036811195;0,476402593;-0,036842616;0,363071236;-0,586906512;-0,08374354;-0,719775012;-0,036777832;-0,036811068;-0,036768316;-0,036832557;0,513858847;-0,036839154;-0,331434545;-0,189788346;-0,511903361;-0,662312413;-0,450584405;-0,036767907;-0,295804539;-0,036794083;-1,03987963;-0,414799663;-0,036827717;-0,036847244;-0,036821908;-0,484379334;0,325608397;-0,036784037;-0,036748532;-0,036766687;0,680217737;-0,007070948;0,469747066;0,285010017;0,257631487;-0,839157021;-0,036843215;-0,470611375;-0,667681527;-0,335261498;-0,036764883;-0,036767211;-0,036815483;-0,036829366;-0,036780433;-0,036755971;-0,036758876;-0,036764019;-0,036771701;-0,036845835;0,535827044;-0,623167306;-0,036750113;-0,036833053;-0,036822851;-0,571319956;-0,036786505;-0,036794655
-0,842219927;-0,063214784;-0,063216447;-0,463193686;-0,063212413;0,23420742;-0,063215007;0,855711534;-0,16873223;-0,063216724;-0,386471766;0,539330066;-0,063214888;-0,678026556;-0,06321829;-0,063214763;-0,381255617;0,839816727;-0,063212742;-0,063216672;-0,063213266;-0,063215217;0,6436664;-0,062941294;-0,652066555;-0,295825182;-0,063216714;-0,063216287;-0,06321937;-0,063214582;-0,063219231;0,418085212;-0,164149255;-0,063224512;-0,063213012;-0,063217747;0,392824199;-0,063214472;0,254265011;-0,30477678;-0,197707657;0,245650904;-0,374022479;-0,063217266;0,496662709;-0,709339473;-0,063214149;-0,063215072;0,090954237;-0,063215117;-1,202427548;-0,063217006;-0,063215631;-0,501354369;-0,063215812;0,309977509;-0,063214667;0,595737764;-0,063216747;-0,645270741;0,496002452;-0,350202802;0,286410334;0,327789615;0,44136527;-0,063213381;-0,063223997;-0,063214498;-0,063216376;-0,063216244;-0,063214052;-0,838797688;-0,5101749;0,213259085;-0,561681031;-0,063214506;-0,063216364;-0,063222821;-0,619975524;-0,063084008;-0,063214898;-0,063215944;-0,063212843;-0,063213206;-0,063212761;-0,063213533;-0,222405978;-0,594354874;-0,063215282;0,288030938;-0,731595018;-0,063216017;0,638519626;-0,063214396;-0,551384277;0,417455311;0,39156147;-0,793403494;-0,063215936;-0,063213988;-0,063217246;-0,063207313;-0,691849541;-0,063213284;-0,595014687;0,463955711;-0,93877479;0,301558107;-0,350302652;-0,063218334;0,548899202;-0,063214384;-1,103457426;0,10339996;-0,063214237;-0,063213347;-0,063215891;0,61430293;0,589264043;-0,063216944;-0,0632176;-0,063217678;0,343794955;-0,505036687;0,102962151;0,371374084;0,233486193;-0,978824637;-0,063213051;0,781709948;-0,482673432;-0,419630076;-0,063217684;-0,063216617;-0,063215507;-0,063213605;-0,063216214;-0,063217608;-0,063217188;-0,063217338;-0,06321642;-0,063212389;-0,461025956;-0,425238028;-0,063217631;-0,063213705;-0,06321581;0,57674268;-0,063214861;-0,063214336
-1,205762183;-0,070105393;-0,070063503;-0,71250386;-0,070111128;-0,434855458;-0,070095479;-0,515527024;-0,277089349;-0,070084733;-0,412355251;-0,550538933;-0,070092773;0,422839208;-0,070108709;-0,070089606;0,603198686;0,117035094;-0,070104351;-0,070074549;-0,070098535;-0,070073733;0,272628157;-0,069611013;0,79434605;0,712681727;-0,070093799;-0,070078322;-0,070092783;-0,07008673;-0,070091801;0,696136873;-0,212669812;-0,070097344;-0,070101278;-0,070074451;0,257626794;-0,070098864;-0,439010136;-0,649348145;-0,130840611;0,22047074;-0,129322333;-0,070065989;0,301329455;0,197303447;-0,070097138;-0,070090783;-0,400786438;-0,07009197;0,342944392;-0,070079258;-0,070078607;-0,519517354;-0,070086722;-0,332064609;-0,070090087;0,23137766;-0,070063313;-0,429734547;0,054168672;0,471331736;-0,455951086;0,115424244;0,183035255;-0,070085911;-0,070068699;-0,070098923;-0,070089861;-0,070075987;-0,07008608;0,5385063;1,081398623;0,476644637;-0,230241983;-0,070098703;-0,070067039;-0,070117206;0,875253759;-0,069844435;-0,070072225;-0,070102403;-0,070104577;-0,0701125;-0,070108049;-0,070092323;-0,661809548;-0,553073208;-0,070109809;0,396830417;-0,274835249;-0,070092399;0,478462093;-0,070108338;0,30248034;-0,376516318;-0,495975277;-0,771229908;-0,070077026;-0,070091895;-0,070072108;-0,070104422;0,543008095;-0,070106314;-0,179411502;-0,358368929;-0,475791105;0,17261484;0,892134733;-0,070070112;-0,199555075;-0,07008388;-0,673184113;-0,370796407;-0,070101247;-0,07011221;-0,070101326;-0,514567084;-1,01634979;-0,070079117;-0,070061507;-0,070070571;-0,904156462;0,860145715;0,01467423;0,343673115;0,281161398;-0,821451234;-0,070108823;0,619883373;-0,306460407;-0,5668001;-0,070069926;-0,070070418;-0,070095775;-0,070102175;-0,070076235;-0,070065149;-0,070069168;-0,070069485;-0,070071234;-0,070109464;-0,398962461;0,640401246;-0,070060637;-0,07010383;-0,070099171;-0,293954779;-0,070078695;-0,070084947
-1,211875014;-0,077151784;-0,077061363;1,359845601;-0,077161614;0,614835585;-0,077131915;-0,807423509;-0,852038357;-0,077106579;0,176306725;0,299740885;-0,077123147;-0,850224581;-0,077155267;-0,077117628;-0,436139782;0,785998996;-0,077149867;-0,077085814;-0,0771373;-0,077082141;-0,958683502;-0,076675055;-0,4927361;-0,440187713;-0,07712873;-0,077092965;-0,077118953;-0,077113317;-0,077106255;0,724405163;-0,245420021;-0,077130728;-0,077144824;-0,077084435;-0,718218614;-0,077137816;0,289649917;0,443375244;0,399905864;0,568611172;0,943432302;-0,077068049;-0,602493658;0,069883393;-0,077131082;-0,077118075;-0,459522159;-0,077123434;-0,954373682;-0,077088815;-0,077095135;0,389224608;-0,077111983;-0,764427976;-0,077117977;-0,661875253;-0,077060807;-0,384557476;-0,941199992;-0,706300298;0,645073768;-0,461436479;0,383826226;-0,077112213;-0,077072206;-0,077136462;-0,077117706;-0,077089067;-0,077112255;-1,019489343;0,477067255;0,804389114;-0,770716836;-0,077136277;-0,077070898;-0,077153199;-0,372461589;-0,076913868;-0,077083382;-0,077149632;-0,077147097;-0,077164934;-0,077156937;-0,077123988;0,562355711;0,449522169;-0,077162494;0,084346692;0,590531415;-0,0771238;-0,281326058;-0,077158724;-0,6322377;0,778579739;-0,605997857;0,477092291;-0,077088335;-0,077124675;-0,077078899;-0,077152205;-0,757497324;-0,077153224;0,53676007;0,684727314;0,205374344;-0,737722473;-0,099915941;-0,077076574;-0,653207858;-0,077105794;0,735002264;-0,669840515;-0,077142839;-0,07716387;-0,077137514;0,281884166;-0,199963047;-0,077096013;-0,0770602;-0,077077163;-0,251930423;-1,145610237;0,483185142;-0,779917203;-0,490822462;0,405335382;-0,077159241;-0,693461337;0,751294043;1,051683395;-0,077076108;-0,077077413;-0,077128557;-0,077145262;-0,077091836;-0,077066079;-0,077070398;-0,077074306;-0,077081081;-0,077162122;0,653384307;0,696521206;-0,077057543;-0,077150293;-0,077136456;0,518092691;-0,077098313;-0,077108828
-0,899234517;-0,07518111;-0,075082735;0,555053327;-0,075191508;0,416969781;-0,075156089;0,188720142;0,891050219;-0,075129156;0,009599301;0,575558475;-0,07515008;-0,473519917;-0,075174518;-0,075140656;0,725092045;0,511422988;-0,075176068;-0,075107661;-0,075163477;-0,075105034;0,376124237;-0,074805064;-0,52823326;-0,046521355;-0,075152771;-0,075115548;-0,075135208;-0,075135436;-0,075124002;0,29806032;-0,44391037;-0,075140107;-0,07517023;-0,075107018;-0,84003067;-0,075162349;0,825624667;-0,968209911;0,360656394;0,093611163;-0,481145666;-0,075087547;-0,505859405;0,4061947;-0,075156111;-0,075143849;-0,856276093;-0,075145794;0,535789478;-0,075109596;-0,075116354;0,137094785;-0,075136971;-0,533607643;-0,07513945;-0,006797752;-0,075080551;0,240022103;0,724693744;-0,367151692;-0,808050327;-0,020598852;0,328067951;-0,075137625;-0,075092008;-0,075161775;-0,075141648;-0,075111452;-0,075136551;-0,3346751;-0,95284868;-0,73101794;-0,630382048;-0,075157464;-0,07509198;-0,075172053;-0,580884964;-0,074985772;-0,075104051;-0,075177643;-0,075175384;-0,075192378;-0,075184152;-0,075148687;-0,203023366;0,474972357;-0,075191757;0,210923471;0,978098677;-0,075149049;-0,578390705;-0,075187742;-0,208893963;-1,111969391;0,105982796;0,342070706;-0,075111189;-0,075149582;-0,075100976;-0,075161229;0,56406611;-0,075180321;0,83439694;0,364481834;0,626349587;-0,44727575;-0,947857248;-0,075098758;-0,192799776;-0,075129438;-1,381036369;-1,241123888;-0,075169927;-0,075191265;-0,075159634;-0,073294137;-0,692060758;-0,075118154;-0,075077302;-0,075099455;0,186468462;-0,02834962;0,775152189;0,621248999;0,104110677;-1,066514301;-0,075185884;0,459258221;-1,03054078;0,844407455;-0,075094894;-0,075097831;-0,075154609;-0,075170875;-0,075112923;-0,075085552;-0,075090713;-0,075096568;-0,075103575;-0,075190052;-0,343067102;0,710781241;-0,075077087;-0,075174703;-0,075163809;-1,038998649;-0,075121959;-0,07513135
-1,219462886;-0,085203946;-0,085221381;-0,260912921;-0,085204097;-0,545670033;-0,085208404;-0,501056421;0,564007928;-0,085213348;0,678676989;0,512952823;-0,085210782;-0,580995685;-0,085213674;-0,085211589;0,516928394;-0,521209511;-0,085205129;-0,085218213;-0,085208964;-0,085217941;0,364392926;-0,084788423;0,429089304;-0,445973083;-0,085210149;-0,085216769;-0,085218806;-0,085211255;-0,085222046;0,347791992;-0,284417313;-0,085216111;-0,08520527;-0,085217143;0,461135092;-0,085208102;-0,725595878;-0,677701464;0,302412726;0,53707343;-0,29230197;-0,085222048;-0,573865282;-0,622865526;-0,085209462;-0,085211679;-0,535195717;-0,085210315;0,428089189;-0,085222877;-0,085216308;0,146758867;-0,085212114;-0,003891968;-0,085211413;-0,90565049;-0,085221651;-0,689095043;0,302719053;0,757733091;0,343369698;0,220748074;-0,224692762;-0,085213011;-0,085251943;-0,08520786;-0,085213201;-0,085217555;-0,085212032;0,039933271;-0,126741558;-0,87200243;0,526196281;-0,085209572;-0,085221141;-0,085218327;-0,526034666;-0,084981821;-0,08521701;-0,085204243;-0,085206649;-0,085203189;-0,08520355;-0,085210819;0,62144063;0,518400311;-0,085204433;0,374640463;-0,466510544;-0,0852103;-0,020784409;-0,085203015;0,530243685;0,420344889;0,27875239;0,544120634;-0,085216996;-0,085209997;-0,085217842;-0,085232444;-0,525704331;-0,085204514;-0,49052487;0,34777454;0,390142609;0,310984057;-0,391450181;-0,085219798;0,769931172;-0,085212917;0,184594722;-0,547341476;-0,085205713;-0,085202227;-0,085212405;0,121885189;0,480221141;-0,085213959;-0,085223175;-0,085219639;-0,977595247;-0,257940126;0,41460119;-0,840644078;0,33587201;-0,637424325;-0,085203973;0,681207343;0,309761433;0,02359836;-0,0852189;-0,085221309;-0,085209546;-0,085204864;-0,085217528;-0,085221195;-0,085222046;-0,085218839;-0,085218704;-0,085202159;-0,612016343;-0,546211781;-0,085222053;-0,085204346;-0,085207947;-0,565519488;-0,085214427;-0,085212491
-1,062169563;-0,053875986;-0,053809587;0,633798669;-0,053883552;-0,536379911;-0,053859984;-0,535723067;-0,729044894;-0,053841308;-0,645346433;-0,633787241;-0,053855961;-0,510814775;-0,053878977;-0,053849836;0,308980889;0,554232866;-0,053874595;-0,053828917;-0,053864814;-0,053826284;0,104405278;-0,053498928;0,258862149;-0,12915081;-0,0538583;-0,053832655;-0,053851911;-0,053847108;-0,05384748;-0,562755372;-0,394712471;-0,053850079;-0,053869055;-0,053826557;-0,667546949;-0,053865157;-0,652807727;-0,530577265;-0,643467429;0,398860867;-0,086552474;-0,053813494;-0,529071282;-0,700689934;-0,05386117;-0,053851628;-0,570023193;-0,053853606;0,222322496;-0,053830107;-0,053833435;-0,478831999;-0,05384672;0,751431812;-0,053848986;0,432338896;-0,053809569;0,392111954;0,273192423;-0,73845672;-0,381522743;0,221927334;-0,020371856;-0,05384821;-0,053856413;-0,053865928;-0,053851258;-0,053830235;-0,053846469;0,464757038;-0,552949368;0,542353874;-0,579908656;-0,053862893;-0,053815517;-0,05387954;0,710202842;-0,053644808;-0,053827037;-0,053872697;-0,05387317;-0,053884524;-0,053879536;-0,053854102;-0,642544911;0,514222288;-0,053884338;-0,026098211;-0,44248799;-0,053855558;-0,692197275;-0,053880392;-0,734016099;0,501928644;0,45429359;0,397782404;-0,053828919;-0,053855922;-0,053823001;-0,053878409;-0,686086925;-0,053875887;0,840397783;0,559354023;0,476397882;0,254107355;-0,436881588;-0,05382161;-0,319572769;-0,05384169;0,311500607;0,573188038;-0,053867939;-0,053883924;-0,053865775;0,589644457;-0,33778098;-0,053833885;-0,053806823;-0,053819912;-0,960548108;-0,069561885;0,420700415;0,567922805;0,324435246;-0,431658333;-0,053881537;0,409285968;0,424274931;-0,622313339;-0,053818523;-0,05381995;-0,053858549;-0,053871473;-0,053829744;-0,053813118;-0,053814896;-0,053820405;-0,053824097;-0,053882435;-0,546371849;-0,597602053;-0,053807646;-0,053874089;-0,053865141;-0,558469546;-0,053834912;-0,053842841
-0,598286096;-0,048498568;-0,048410026;0,861045771;-0,048509137;0,750735769;-0,048479602;-0,628403938;0,468398324;-0,048455067;-0,572275162;0,561600087;-0,048471627;-0,253381141;-0,048491802;-0,048464536;0,303802017;0,514437737;-0,048498897;-0,048433145;-0,048484116;-0,048430361;0,159990831;-0,048251914;-0,751563269;-0,688188083;-0,048477403;-0,048440467;-0,048457478;-0,048459464;-0,048446403;0,702415958;-0,813788544;-0,048459645;-0,048492854;-0,048434118;0,135891856;-0,048484223;-1,117542436;-0,866332116;0,739716091;0,300379139;-0,274495634;-0,048415573;-0,266222984;-0,821430827;-0,048480837;-0,048467213;-1,014469466;-0,048469275;0,330454999;-0,048432951;-0,048442712;-0,087038323;-0,048459652;-0,699094434;-0,048464038;0,117121914;-0,048409099;0,611199302;-0,287731535;-0,621965786;-0,560838944;0,556456139;0,119485499;-0,04846161;-0,048403009;-0,048483196;-0,048465267;-0,048436921;-0,048460196;-0,645937959;-0,431960568;0,216738588;-0,50168517;-0,048479959;-0,048418045;-0,048486064;0,579818453;-0,048337055;-0,048429058;-0,048497224;-0,048495707;-0,048511473;-0,048504293;-0,048471325;-0,378817;-0,776657867;-0,048511289;0,418780376;-0,256089525;-0,048472262;-0,716635591;-0,048507682;0,597101006;-0,577355301;0,926630745;-0,901702293;-0,048436915;-0,048471352;-0,048428426;-0,048474442;0,509699733;-0,048502366;-0,482580338;-0,64688777;-0,750438328;0,255288726;0,792742083;-0,048424578;-0,495627548;-0,048456167;0,598698672;0,675664853;-0,048489282;-0,048508965;-0,048482817;-0,875864642;0,165747385;-0,048444316;-0,048406431;-0,048425352;0,44359907;-0,693259867;-1,105093408;0,196724959;0,171095497;0,722371893;-0,048504628;-0,390391089;-0,884526612;-0,542254465;-0,048422127;-0,04842517;-0,048476371;-0,048491575;-0,048439805;-0,048414253;-0,048418244;-0,048422551;-0,048431422;-0,048510847;0,294180741;-1,07145155;-0,048405934;-0,048496542;-0,048483919;-0,261605459;-0,048448187;-0,048456078
-1,290455299;-0,074405701;-0,074384685;0,438366748;-0,074410311;-0,623141653;-0,074400473;0,435423904;-0,989618227;-0,074395238;-0,52816638;0,108972693;-0,074398708;-0,161790544;-0,07441674;-0,074397563;-0,439819922;-0,761868553;-0,074405444;-0,074391059;-0,074403543;-0,0743897;0,222488866;-0,073987747;0,03538151;0,826839565;-0,07440128;-0,074392812;-0,074407858;-0,074396862;-0,074407355;-0,598572912;-0,39656665;-0,0744182;-0,074404459;-0,074390546;-0,42251609;-0,074403119;-1,018647772;-0,687732604;-0,739600073;-0,529061617;-0,133554903;-0,074385852;0,53604062;-0,797462618;-0,074401885;-0,07439945;0,239360939;-0,074399141;0,10455586;-0,074392974;-0,07439297;0,718767571;-0,074396928;0,711086616;-0,074397952;-0,778699476;-0,074383821;0,224139819;0,539274593;0,727284223;-0,782219287;0,503805963;0,465321369;-0,074396716;-0,074443606;-0,074405594;-0,07439735;-0,074392076;-0,074397086;-0,658099084;0,937806758;0,640847667;0,610588537;-0,074405312;-0,074386385;-0,074426783;-0,096147129;-0,074196251;-0,07439086;-0,074405519;-0,074406621;-0,074411206;-0,074409329;-0,074400972;0,74327078;-0,768616885;-0,074408778;0,211246005;-0,632178738;-0,074399712;-0,613684012;-0,074409626;-0,746487902;-0,439975147;-0,109159655;0,224103086;-0,074389646;-0,074400782;-0,074389136;-0,074423977;-1,049385733;-0,074408284;-0,533308278;-0,918573229;0,710530806;0,200870821;0,939494504;-0,074387428;0,061430475;-0,074395039;0,532096816;-0,179044872;-0,074403572;-0,074409212;-0,074406328;0,725315453;0,594566801;-0,074391763;-0,074385485;-0,074388375;0,571172584;0,256524756;0,533630589;-0,904041841;0,689903398;0,532197818;-0,074408144;-0,53224457;0,420485332;-0,728681069;-0,074386177;-0,074387919;-0,074401147;-0,074406292;-0,074389757;-0,074383064;-0,074385343;-0,07438781;-0,074389717;-0,074409444;0,919314136;0,620939371;-0,074383138;-0,074406379;-0,074402677;-0,61188946;-0,074393567;-0,074395989
