-0,86247539;-0,094939529;-0,122199913;0,622628416;-0,12192348;-0,126324399;0,1556117;-0,100015067;1,665179852;-0,121596382;-0,006326532;-0,121094093;1,529238281;-0,121363858;-0,121212433;1,625185334;-0,790104186;-0,05762929;-0,120950642;-0,088784637;-0,11381676;-0,120518759;-0,120996645;-0,078849531;-0,120507284;-0,060239981;-0,120850848;-0,120576683;0,369402778;-0,122113237;-1,400416329;-0,094341863;-0,743943329;1,939519355;0,20744904;-0,121464285;-0,121144036;-0,104120004;-0,121532914;0,165174557;-0,116885463;-0,102560787;-0,120459252;-0,120981526;-1,086252413;0,768240888;-0,053583645;-0,12185452;-0,120991271;-0,119502645;-0,353534974;-0,067392826;-1,809258404;-0,120759317;-0,118993777;1,278086468;-0,121843251;-0,121206;-0,120227717;-0,12111993;-0,121966008;0,916162944;0,438132975;-0,120762764;-0,121509372;-0,075259354;-1,561660697;-0,118923578;-0,726983674;-0,120902566;1,339324845;-0,097407394;-0,095203055;0,425194776;1,510239081;-0,121359978;-0,334027013;-0,121151145;-0,287556145;-0,122045015;-0,120628963;-0,120640646;-1,111803444;-0,474383116;-0,122031987;-0,117524632;-0,121455723;1,002387915;0,34369501;-1,470853429;-0,120423603;-0,109127118;-1,778075219;-0,768592286;-0,121691918;-0,440781504;-0,120239593;-0,140079068;-0,113035816;-0,119987886;-0,120388871;-0,120641087;-0,121358882;-0,898401291;1,438065632;-0,121092365;-0,120928511;-0,120534152;-0,122239182;-0,12141491;-0,119760186;-0,120599352;-0,088702987;-0,122083004;-1,758594059;-0,122011818;-0,085129657;-0,121029176;-0,103375739;-0,339620803;-0,12228683;1,490170145;-0,122137766;-0,120441924;-1,380231227;-0,121271237;-0,121299803;-0,221656097;-0,122140256;0,86767999;-0,102828596;-0,121371768
-0,73734814;-0,076982966;-0,092916531;1,307843612;-0,092544568;-0,916623578;-0,507961368;-1,659392972;0,423205143;-0,093904697;-0,737660786;-0,092194314;1,495061732;-0,092250742;-0,091503261;-1,752830546;0,302666083;-0,047856413;-0,093184295;-0,068280893;-0,088113729;-0,093994851;-0,091892778;-0,068226561;-0,093969137;-0,049251346;-0,091382348;-0,092187171;0,334601906;-0,093659944;1,392442573;-0,070681583;-1,436092691;-1,931881659;-1,441993255;-0,093097136;-0,093958881;-0,0798085;-0,092452675;0,461920653;-0,0913079;-0,084019385;-0,092905829;-0,094229646;-0,670082789;1,114033735;-0,044011152;-0,092420963;-0,092042838;-0,091512509;0,72811697;-0,055854476;-1,775039379;-0,092959895;-0,09185636;-1,005683708;-0,092364777;-0,092657607;-0,092369775;-0,092889075;-0,092037748;0,932924007;0,844043053;-0,093340621;-0,093221617;-0,062648992;0,986306778;-0,092235714;-0,871427569;-0,091554951;1,346753037;0,131417485;-0,074588471;-2,516935739;-2,211631674;-0,093690717;-0,867597174;-0,094042161;0,023267348;-0,09438538;-0,092848281;-0,091553503;-1,689074935;-0,076988472;-0,092194048;-0,092300814;-0,092196107;2,3434283;1,386537144;1,160430861;-0,09298988;-0,044697369;0,587257707;0,487193164;-0,093060952;-0,213862596;-0,093059593;-0,180849639;-0,083534311;-0,092241265;-0,093558776;-0,092583755;-0,094237645;-0,769351194;1,048185367;-0,092682;-0,092086253;-0,093060652;-0,094665621;-0,093588434;-0,09115564;-0,093142898;-0,070858692;-0,092941164;-0,584507524;-0,093368221;-0,07217186;-0,092431124;-0,081602921;-0,624203965;-0,092804918;0,294551667;-0,092911883;-0,094669626;1,99388441;-0,092327933;-0,092530452;-0,235171903;-0,094776464;-0,827726113;-0,078884454;-0,093198201
-0,827864281;-0,07710763;-0,105072576;0,694822019;-0,10317367;0,347775453;-0,362954147;1,579810735;-0,567215391;-0,103346667;0,370235877;-0,103801788;-1,175135515;-0,10307124;-0,103423538;-1,136785192;0,289030348;-0,049933183;-0,103895247;-0,07766973;-0,095377858;-0,104719214;-0,104274881;-0,069640711;-0,103605283;-0,051528509;-0,103512669;-0,103518936;-1,383243906;-0,105094351;0,650102628;-0,078246096;-1,174386164;1,216098682;-0,491280046;-0,104986393;-0,104022319;-0,086497687;-0,104604095;0,88393848;-0,101695637;-0,09202174;-0,104921761;-0,103600152;1,283211624;-1,083317066;-0,047756083;-0,104029772;-0,102867505;-0,103195626;0,702609198;-0,059644345;0,697003746;-0,102973982;-0,102565194;0,649560201;-0,103326104;-0,105221896;-0,104120738;-0,103787908;-0,103881008;-1,211668623;1,01267699;-0,103030601;-0,104003509;-0,063138252;0,788336832;-0,103885643;0,071218441;-0,102699177;0,962916427;-1,303009348;-0,085025279;-1,139199891;-1,552648632;-0,103503675;0,882317116;-0,104925997;-0,570203097;-0,10446677;-0,104173758;-0,102789466;0,897240525;-0,74554582;-0,103998528;-0,100377442;-0,102031459;1,094695399;0,555563973;0,855376855;-0,102533603;-0,223085689;0,0780818;-0,99543696;-0,104671143;-0,282146836;-0,103559836;-1,089595245;-0,095209704;-0,103100419;-0,104327051;-0,10446155;-0,105000109;-1,13920711;-0,774354139;-0,103051666;-0,104640082;-0,102954107;-0,10440001;-0,103913714;-0,102948426;-0,102596521;-0,075937866;-0,103696206;-0,792755141;-0,103916032;-0,080973844;-0,104775938;-0,09043327;1,068632997;-0,1042704;1,563645321;-0,105458449;-0,105324038;-1,225323262;-0,103661212;-0,102435785;-0,195348925;-0,104787314;-0,835713746;-0,088404749;-0,104069976
-0,847959019;-0,066012574;-0,095322839;2,798666481;-0,095441512;-0,681088107;-0,776125927;1,350683121;1,98135344;-0,095762028;-0,566905325;-0,095097781;1,428189772;-0,095159254;-0,093258509;0,27885504;-0,086630684;-0,044823426;-0,095618726;-0,063958836;-0,088670245;-0,095379689;-0,093750051;-0,062117953;-0,095033704;-0,044948936;-0,094158156;-0,093906081;-2,418003742;-0,094955375;1,015663988;-0,06860591;1,549668364;0,384921497;-2,063523242;-0,094445811;-0,095573138;-0,076849918;-0,094857511;0,734666587;-0,091519046;-0,078545422;-0,094763622;-0,094241112;-0,919989395;-1,71157097;-0,041108247;-0,094337969;-0,092943063;-0,093684775;0,251789494;-0,049871173;-0,386260004;-0,094398596;-0,093929544;-0,55509718;-0,095101054;-0,09519374;-0,095074136;-0,094289638;-0,094427953;-1,344600381;2,907322192;-0,093450939;-0,094429834;-0,056201484;-0,942915643;-0,093726505;0,133348204;-0,09460502;-2,565484544;-0,402252035;-0,074154081;1,802258334;0,5387894;-0,09509241;-1,463567475;-0,094161978;-0,21774326;-0,093909696;-0,095446273;-0,094666862;-0,742539541;-0,275249456;-0,094830086;-0,09129443;-0,092901855;-0,993750112;-1,754477841;0,92498451;-0,093149007;-0,401703101;0,981547017;2,27451108;-0,095125583;-0,372086398;-0,093358983;-0,583315884;-0,085685668;-0,093806522;-0,094535523;-0,095269016;-0,094327465;-0,865045195;-1,463740344;-0,094218117;-0,093951648;-0,093975611;-0,093842635;-0,094413971;-0,093636145;-0,093199069;-0,067015786;-0,095068849;-1,97964168;-0,095201147;-0,066799729;-0,094369787;-0,073868173;-0,915609389;-0,094690541;0,094020404;-0,094624292;-0,095145941;1,018952676;-0,093835549;-0,093000412;-0,192631993;-0,095493731;1,219845896;-0,075154199;-0,095798934
-0,489343353;-0,056926247;-0,075909999;-1,392605888;-0,076019582;-1,710564399;-0,541078419;-1,578549939;1,569970121;-0,075756669;-0,489714277;-0,075514414;-1,877234205;-0,07544645;-0,074357927;-2,170045833;0,353510092;-0,039078724;-0,075541136;-0,052888336;-0,071856657;-0,076362277;-0,075837212;-0,055216879;-0,074588057;-0,040812816;-0,075627215;-0,073848464;-2,650092423;-0,076150423;1,282438195;-0,056110199;2,074836337;1,031063223;0,209813413;-0,074620063;-0,076053974;-0,064267792;-0,074284973;-1,494884888;-0,076572705;-0,066255336;-0,0748202;-0,076381729;0,885227522;-2,052008022;-0,035116242;-0,075062876;-0,07431792;-0,074670424;0,398276978;-0,045656185;-0,374598234;-0,076349569;-0,075682335;-1,319859394;-0,075154175;-0,075379332;-0,076186257;-0,074636678;-0,075916488;-0,248624849;1,998998476;-0,07492227;-0,075440438;-0,050243921;1,14629226;-0,073741667;-0,116673475;-0,075096281;0,62307701;-0,892945817;-0,064317745;1,423675686;0,525431122;-0,075543778;1,352087501;-0,075024664;-0,293922998;-0,076085885;-0,074498335;-0,073824509;1,003866791;0,411568466;-0,075429817;-0,072771489;-0,074394767;-2,467760151;-0,501741887;1,363204696;-0,075049838;-0,100742057;-0,103340039;0,304536738;-0,075089276;-0,800741565;-0,07557227;0,021227324;-0,073121458;-0,076000985;-0,076446507;-0,075103151;-0,07652081;0,679361905;-1,005455913;-0,073553837;-0,075321467;-0,074409702;-0,075114556;-0,075575077;-0,075662184;-0,075516942;-0,057583962;-0,076158733;2,019467462;-0,075046159;-0,059608971;-0,074942679;-0,064854764;-0,73201793;-0,075629954;-0,01435594;-0,075430594;-0,075349604;-1,569564894;-0,074359858;-0,074195969;-0,212760378;-0,074946437;-1,103557978;-0,06077663;-0,074756295
-0,387020873;-0,051601987;-0,062695044;0,260162978;-0,062012218;-0,311409616;-0,292859123;2,558581766;0,860831959;-0,062921805;-1,864270544;-0,062558984;1,675031787;-0,062254157;-0,061178811;-1,354292613;-0,667296845;-0,032530212;-0,062658301;-0,048464832;-0,061332757;-0,062486807;-0,062839791;-0,045125935;-0,063304813;-0,031042435;-0,060958352;-0,061138611;0,715085206;-0,063870068;-0,456969419;-0,048256701;-1,170504536;-0,590681929;0,694577114;-0,062006987;-0,063457711;-0,053789326;-0,062406967;-0,466754172;-0,062563535;-0,055361632;-0,063063004;-0,062543461;-1,081512571;1,016543221;-0,03133507;-0,063121283;-0,061532556;-0,06215272;-0,702540102;-0,034631915;0,702776837;-0,062638452;-0,061033503;-2,028653785;-0,062080124;-0,063388414;-0,062253517;-0,061983636;-0,062303595;0,956888297;1,116836044;-0,061984302;-0,061901471;-0,040605858;-0,569978523;-0,060544052;-0,678536747;-0,061874805;-1,221222816;0,005327721;-0,052131957;0,628270957;-0,647705869;-0,061411704;-2,312269212;-0,062327342;-0,643750989;-0,062719381;-0,062274331;-0,062642622;0,192224803;-0,727947818;-0,061911148;-0,06021852;-0,06291222;-1,696900765;0,804884805;-1,284762324;-0,060601654;-0,248375983;-0,702242118;-0,670205545;-0,063111883;-0,42405418;-0,061232569;0,147641593;-0,057921547;-0,061786286;-0,063052979;-0,061652302;-0,062285785;-0,845246037;1,506486945;-0,062345934;-0,062937545;-0,061110266;-0,062494135;-0,062617922;-0,060821525;-0,062107131;-0,045193531;-0,06229116;0,167478886;-0,063803075;-0,045992009;-0,063103432;-0,049446016;-0,648143949;-0,063463336;-0,906116266;-0,062126529;-0,063546563;1,205662638;-0,062960102;-0,062233432;-0,206590393;-0,063615969;-1,631907867;-0,050687277;-0,063409075
-0,623103965;-0,09843094;-0,123128329;-1,16507788;-0,122107485;0,297247681;-0,306887159;-1,098235143;-2,495908473;-0,123431151;0,098433285;-0,122669121;-1,723804733;-0,121995002;-0,123206994;1,7746266;0,204766572;-0,06319153;-0,123392936;-0,092414275;-0,118049276;-0,122229907;-0,121175552;-0,08189899;-0,122535355;-0,06070669;-0,121476173;-0,122114971;0,216208458;-0,123406256;-1,998614556;-0,095499822;1,028157458;0,338370782;-0,028961721;-0,122050534;-0,123039259;-0,104380282;-0,121635262;-0,120221474;-0,123013225;-0,108560049;-0,122918834;-0,12227582;1,707220562;2,173387548;-0,057478833;-0,122969791;-0,121282422;-0,122098617;0,96751612;-0,068826843;-2,05825496;-0,122809827;-0,121741738;-0,690670969;-0,121738326;-0,123103496;-0,122924657;-0,122897589;-0,12262203;0,444244393;2,275577969;-0,122021145;-0,1232994;-0,076989603;-1,784636274;-0,12058048;-0,094694905;-0,1215545;0,822168726;-0,430516641;-0,101591947;-0,990428528;-2,261501522;-0,122738794;1,210781191;-0,122437359;-0,310130451;-0,1231933;-0,122234131;-0,122736995;1,483243352;-0,949318708;-0,123357122;-0,120838509;-0,121118259;-1,506382208;-0,693446365;2,247523216;-0,12162332;0,172681642;0,770988428;1,089263097;-0,123244711;-0,770491881;-0,121857892;-0,160973317;-0,115446857;-0,122180374;-0,123767899;-0,121971221;-0,12243783;0,532183429;1,290667106;-0,121202403;-0,122709017;-0,121475423;-0,123538872;-0,122344419;-0,122415509;-0,122027984;-0,092573717;-0,123732787;-1,087980926;-0,123795247;-0,093195972;-0,123789576;-0,107534757;-0,300736415;-0,123312921;1,332452002;-0,123640303;-0,122833505;1,058691163;-0,12150686;-0,121084738;-0,115620461;-0,123670373;-1,26704339;-0,108782994;-0,123552772
-0,899041235;-0,096371884;-0,13256242;-1,7175052;-0,131608645;-0,115703478;-0,307886471;-0,768722606;1,091258466;-0,132866325;-0,186619106;-0,131851839;1,411136041;-0,131427308;-0,13092514;1,366366191;-0,725176672;-0,06500435;-0,131722493;-0,092027623;-0,125272998;-0,132804158;-0,131104135;-0,091840764;-0,13133543;-0,062467378;-0,13137609;-0,130810986;-1,699383737;-0,132236381;0,709293614;-0,099475662;1,631355806;1,097386727;0,996655423;-0,132068891;-0,13237652;-0,11431946;-0,130847368;0,927034036;-0,131891664;-0,11154675;-0,13177778;-0,132406364;1,442448377;1,155779706;-0,055306886;-0,132603596;-0,132191493;-0,131395128;0,925564103;-0,075195367;-0,802191871;-0,133075857;-0,13100505;-0,722305865;-0,131726921;-0,132476827;-0,132519064;-0,133091256;-0,133055224;-0,737765319;0,845778199;-0,132475385;-0,132150626;-0,082621836;1,54329063;-0,129501961;-0,422562873;-0,131394364;-0,541798465;0,125462782;-0,105717304;-2,382309763;0,964493954;-0,13241049;-0,927472145;-0,132891308;-0,17767581;-0,132669136;-0,131715834;-0,131357629;-0,976965491;0,443145366;-0,133162585;-0,129266408;-0,130860272;0,480667628;1,175417674;0,992103552;-0,131915391;-0,594357899;0,353300767;-1,316438551;-0,133056535;-0,710674741;-0,131609402;0,597924381;-0,126673149;-0,132559907;-0,13316613;-0,132706743;-0,132504795;-1,371489612;-0,535472176;-0,131391754;-0,132271338;-0,131007485;-0,132464216;-0,132908928;-0,131240402;-0,13080626;-0,099499964;-0,1318835;-0,653506414;-0,132388099;-0,099213848;-0,132162079;-0,113023575;0,968779898;-0,131756074;-1,133441369;-0,132633788;-0,13263865;-1,188688411;-0,132225226;-0,132274183;-0,351931144;-0,132747914;-1,319087907;-0,111996112;-0,132808831
-0,66774163;-0,09358364;-0,119138128;-0,185783171;-0,118384325;-0,567974842;-0,668401811;-1,072454051;1,19993789;-0,119944976;-1,225208277;-0,118392992;-1,269626639;-0,118744718;-0,117993388;-1,04243;-0,192910773;-0,062830818;-0,119574333;-0,090976526;-0,114978292;-0,119102988;-0,117455063;-0,081423273;-0,118873327;-0,060268317;-0,118011454;-0,118760621;0,280967955;-0,119150344;-1,863025405;-0,098591516;-2,941663705;-0,383762236;0,146618477;-0,118221783;-0,120031319;-0,104667127;-0,117280913;0,123123044;-0,118170989;-0,107566613;-0,118970785;-0,119753468;0,954536457;1,283902812;-0,054213776;-0,119770784;-0,118025217;-0,117246226;0,779539971;-0,06872692;-0,450602403;-0,119975227;-0,118033941;-1,752994047;-0,119049483;-0,119080453;-0,118523212;-0,120060161;-0,118589893;1,016016552;1,797199448;-0,118891453;-0,120212425;-0,079901723;3,101936921;-0,117549905;0,139712723;-0,117448684;1,945433269;-0,190097395;-0,100823495;-1,957237792;2,450171171;-0,119551013;2,241264417;-0,118471043;-0,690095873;-0,118515859;-0,118739031;-0,117608733;1,50311274;-0,225603419;-0,11865012;-0,116434954;-0,11820747;0,648456556;0,016038198;-3,19669056;-0,118536382;-0,306639544;1,751655695;1,65615927;-0,118127075;-1,319485069;-0,118771481;-0,027064898;-0,116503775;-0,117360322;-0,12044219;-0,118518621;-0,119129825;0,674218395;-1,478182323;-0,118948822;-0,117846202;-0,118359061;-0,119525505;-0,11898978;-0,118223181;-0,118363987;-0,094896213;-0,120150146;-1,49600596;-0,120071565;-0,091961368;-0,119320098;-0,103267407;1,145772235;-0,120375293;-2,008150196;-0,119389807;-0,119758622;-0,999674035;-0,117646507;-0,118967501;-0,188366927;-0,119228742;0,458453924;-0,10297325;-0,120250999
-0,2062864;-0,024059071;-0,028366592;-0,669778794;-0,028865439;0,26535438;-0,557967293;-0,569882558;-1,462050304;-0,028128206;-2,474607619;-0,027630108;1,344558315;-0,0286521;-0,026565788;-1,930124904;-0,21632814;-0,019128388;-0,028534194;-0,020638874;-0,027352722;-0,028108725;-0,027890349;-0,025155853;-0,028871636;-0,023069978;-0,026275696;-0,027945565;1,310603436;-0,028039832;-2,293841157;-0,023182966;1,6008383;-0,077310441;0,241136089;-0,02946912;-0,028001532;-0,023626939;-0,02798274;-0,54445166;-0,026573949;-0,028648592;-0,028098557;-0,028702135;1,82576187;-1,24137139;-0,019105617;-0,028379699;-0,026971944;-0,026690275;-1,832053995;-0,020908461;0,083096169;-0,028260891;-0,02671407;-0,724037904;-0,028202422;-0,028676735;-0,027384947;-0,027210259;-0,027113316;-0,442629827;-1,704581754;-0,028280029;-0,027922534;-0,023722073;-1,680434705;-0,026022478;-0,016745825;-0,027704593;0,06632205;-0,710878718;-0,02561152;0,324229935;1,197055071;-0,02747311;0,911291653;-0,028650285;-0,317867073;-0,027932268;-0,028175407;-0,027206203;-0,247993911;0,429120794;-0,027006415;-0,026571132;-0,028247311;-0,761742023;-1,103936164;-2,005319533;-0,027238136;0,327299341;-2,044385334;-1,771642267;-0,027725417;-0,601801093;-0,025893763;-0,582888952;-0,025634927;-0,026473748;-0,027953768;-0,026746468;-0,027823825;-0,064322733;0,289570901;-0,027438184;-0,027174944;-0,026402383;-0,029292975;-0,029358209;-0,027463145;-0,025950318;-0,024327497;-0,02795461;0,73680368;-0,02831743;-0,023447573;-0,027979259;-0,025247791;-0,826815184;-0,028864868;2,747118509;-0,028818814;-0,027883478;-1,695091525;-0,02772005;-0,026092458;-0,118585059;-0,02805394;1,174697562;-0,021549345;-0,029162463
-0,653219519;-0,067925294;-0,095172338;-0,862473343;-0,094624182;-0,262112643;0,220722601;-0,733735602;1,693695427;-0,094140852;-0,20697825;-0,09470292;1,828543527;-0,093240249;-0,093403657;-1,286791936;0,127550392;-0,050505977;-0,094146686;-0,064048931;-0,086043097;-0,094558842;-0,092655929;-0,063510324;-0,094664375;-0,048563963;-0,092793674;-0,09370433;-1,096575114;-0,095041671;1,103511424;-0,073608331;-2,312680088;0,035774909;0,121813917;-0,093080939;-0,09394586;-0,080154634;-0,092319715;-1,23206269;-0,093763457;-0,084160247;-0,095285335;-0,093701456;0,713631458;1,637714165;-0,039994154;-0,094470681;-0,092756759;-0,092808793;1,019569444;-0,053499029;0,450176703;-0,094559658;-0,094106809;1,276532841;-0,093728572;-0,095159363;-0,094030616;-0,093819797;-0,093869319;-2,102872238;0,945759599;-0,09358299;-0,094966806;-0,062719284;-1,387047683;-0,093789948;0,264648434;-0,094296906;-0,864490744;0,225401848;-0,077128601;1,782881975;0,476584872;-0,093502806;-0,80252284;-0,095078713;0,054003546;-0,095102316;-0,09419149;-0,09261461;-1,091678745;0,37182926;-0,093778408;-0,091646513;-0,093879729;-0,032373488;0,433049003;-1,244781732;-0,093596784;-0,279512241;-1,072332285;1,904819941;-0,095252029;0,06157517;-0,092523944;-1,56106465;-0,089252419;-0,093148601;-0,093990438;-0,09423125;-0,094941774;0,795337439;-1,146016808;-0,092268726;-0,093114475;-0,093227665;-0,094787764;-0,09539497;-0,092744717;-0,092030144;-0,07346967;-0,093434134;-1,283246596;-0,094209309;-0,069707254;-0,094682396;-0,078914316;0,53605647;-0,094483891;-2,05775336;-0,094960647;-0,09395135;-0,702463708;-0,094400088;-0,092751275;-0,092601283;-0,094473001;0,638363169;-0,076285409;-0,093666298
-0,894018687;-0,101303693;-0,133737204;1,03096999;-0,134235669;-0,339314615;-0,729546023;1,682808427;0,615858385;-0,133560418;-1,087075509;-0,133365981;-0,376711245;-0,133819372;-0,132406292;0,789897003;-0,459793487;-0,067693451;-0,133205659;-0,093134462;-0,129434646;-0,133941476;-0,133351096;-0,090491518;-0,133794231;-0,066106259;-0,132487865;-0,133030005;-1,931738638;-0,134314605;-0,91821513;-0,102753517;2,385419627;0,695582652;1,258260471;-0,134613944;-0,134253462;-0,112726718;-0,132907523;-1,51759106;-0,132762952;-0,120554582;-0,13471123;-0,132837004;0,984794839;2,547344523;-0,061859859;-0,13433863;-0,133062617;-0,133681467;-1,034695126;-0,073282771;-0,213534527;-0,134137668;-0,133200075;-0,341998096;-0,133209815;-0,133966342;-0,134087397;-0,134290708;-0,133968388;0,69372566;-2,348578878;-0,134201348;-0,134063076;-0,082666453;2,524009083;-0,13265168;-0,17523912;-0,132256599;-1,206673461;-0,38705136;-0,108142974;1,311003188;-0,099708531;-0,134078744;1,509943762;-0,134285968;-0,574562644;-0,133662085;-0,13435082;-0,132658815;-0,0520268;0,100821002;-0,134031655;-0,129712211;-0,133352163;-1,140198948;-0,733448918;-0,624152851;-0,133937515;0,220070798;-1,365507319;2,094547509;-0,134034657;0,536503177;-0,133952337;0,832272993;-0,128096364;-0,133365704;-0,133419237;-0,132975593;-0,133461905;-0,04415894;-0,814010847;-0,131993454;-0,133595637;-0,132107384;-0,134475292;-0,133882004;-0,132370328;-0,132761913;-0,098683734;-0,134436275;-0,629949419;-0,13364287;-0,100037974;-0,133760598;-0,111199273;-1,515073653;-0,133566151;-0,541204598;-0,133968044;-0,134805434;1,970342378;-0,132538671;-0,132103828;-0,206885873;-0,134699898;-0,035256391;-0,111054609;-0,13394121
-1,160225516;-0,123222914;-0,168064753;-1,104409139;-0,169288433;0,027898025;-0,348101485;1,631421595;-1,777809944;-0,168124389;0,438086741;-0,168224381;2,020632673;-0,168760967;-0,168382789;-1,286920758;0,027330669;-0,082655027;-0,169377415;-0,119107402;-0,16128315;-0,16968444;-0,167584394;-0,110441752;-0,167977163;-0,083191269;-0,167612621;-0,168374969;1,070638671;-0,169535037;1,167565759;-0,126953666;-1,893549979;-0,579157105;0,820512825;-0,16755855;-0,169616119;-0,140386599;-0,167632548;-1,175248181;-0,164796686;-0,146416463;-0,168054537;-0,169545918;0,522178127;-0,712208919;-0,070222474;-0,16944931;-0,168606977;-0,16855044;1,548623318;-0,09283703;0,260286051;-0,168582767;-0,168343713;-1,043812661;-0,169049294;-0,169078152;-0,168642378;-0,169587189;-0,168468776;-0,073158391;-1,472848655;-0,167957192;-0,169331381;-0,105171355;1,810222193;-0,165937147;0,107127476;-0,167103567;-0,841697283;-0,437525991;-0,137385783;1,189090162;0,598476181;-0,167665939;0,874246916;-0,169807631;-0,161035802;-0,169161622;-0,167903785;-0,167593649;-0,599282617;0,35874448;-0,167981912;-0,165097613;-0,167394082;1,977030088;-0,852154164;1,975008655;-0,168074595;-0,808012552;1,493266709;1,988730482;-0,168360211;-0,328456422;-0,16635105;-1,719974056;-0,161295694;-0,168630191;-0,168389368;-0,169246304;-0,169892654;0,411383412;0,534196064;-0,167924947;-0,168469731;-0,16833865;-0,168680439;-0,168757156;-0,167464031;-0,167272512;-0,129385999;-0,169872934;0,190371382;-0,168852681;-0,122706389;-0,168237267;-0,14416303;-1,205247772;-0,168793045;0,763259287;-0,170094968;-0,169389039;-0,835867177;-0,168607586;-0,167010468;-0,16115903;-0,168156383;0,571060765;-0,139068761;-0,169633024
-1,048489789;-0,098122857;-0,133632286;-0,734171285;-0,133408639;-0,505347727;-0,31408569;-1,001078114;1,329732977;-0,133115565;-0,331482676;-0,131744274;-1,512422141;-0,132646587;-0,133064492;-1,063511488;0,175349523;-0,066206701;-0,133666536;-0,09220419;-0,124226302;-0,132893862;-0,131713091;-0,08616347;-0,13199267;-0,063384272;-0,132223997;-0,133122569;-1,103597329;-0,132656706;1,226016591;-0,102593139;1,802249532;-0,648611652;0,629449594;-0,133197627;-0,132687306;-0,113852111;-0,131180572;0,029338493;-0,129137253;-0,109594993;-0,132820734;-0,133382143;-0,303784038;1,168327401;-0,056763666;-0,132150427;-0,131399763;-0,131175587;-1,010406895;-0,072803617;-0,527136429;-0,132166104;-0,132887138;2,18058855;-0,133416304;-0,133340866;-0,132621582;-0,132448902;-0,133524587;0,731463575;1,820898138;-0,13196143;-0,133719578;-0,081760748;1,649193233;-0,13455163;-0,255317976;-0,131818498;-0,903246027;-0,074815438;-0,104289247;-1,724524984;0,734578208;-0,133541203;-0,888649941;-0,132871984;-0,108284827;-0,133082855;-0,13299486;-0,13231584;-1,635860152;-0,287691823;-0,132489124;-0,13078015;-0,132593896;1,007926811;-1,578250908;-2,155975938;-0,131464974;-0,264141659;-0,227319355;1,461231941;-0,133696665;2,327147453;-0,133218796;1,049633549;-0,127198412;-0,131724484;-0,133498093;-0,133092166;-0,132544942;0,006057057;0,945967231;-0,131599083;-0,132143175;-0,131959679;-0,133026185;-0,132916445;-0,130975411;-0,132335795;-0,097649103;-0,132444922;0,859908064;-0,132590017;-0,1004002;-0,1314647;-0,110045017;0,51632794;-0,132612247;2,35882803;-0,132757071;-0,13254181;0,577681259;-0,132948922;-0,131444357;-0,125410899;-0,13323941;-0,932166837;-0,109177795;-0,133533903
-0,546363285;-0,058811852;-0,075080698;0,808009493;-0,072841111;-0,362751346;-1,441648676;-1,337181913;-1,199164654;-0,073147451;-0,213834485;-0,072535195;1,084769898;-0,073004822;-0,071066498;-2,926904807;-0,534492509;-0,033508532;-0,073504719;-0,054550288;-0,069144438;-0,073054925;-0,071734707;-0,050066685;-0,074156556;-0,037559585;-0,073252302;-0,07265743;1,344724097;-0,073344943;1,082770875;-0,054981179;-0,50644211;0,654184812;1,411417575;-0,074203324;-0,072916247;-0,062110532;-0,072048657;0,844575658;-0,072530094;-0,061352416;-0,072807572;-0,073033722;-1,903583297;1,321819682;-0,034184535;-0,073768723;-0,071668636;-0,073007694;0,175024864;-0,038462912;-0,909495763;-0,073550721;-0,071192637;1,064227242;-0,07372084;-0,074183783;-0,073001592;-0,07374775;-0,072978506;-2,023099033;-0,232399295;-0,073272598;-0,074107488;-0,045464209;0,45822283;-0,071167782;-0,810029866;-0,071460395;-0,05618875;-0,195557119;-0,058151275;2,255556499;2,064076688;-0,073874132;0,008061185;-0,073562809;-0,224332043;-0,072950408;-0,073730845;-0,073092186;-0,134542092;-0,362480417;-0,073385598;-0,070894756;-0,073260448;-2,006222384;0,542141351;1,85766885;-0,072015309;-0,172709162;0,024857251;-1,248349761;-0,072906896;-0,249200813;-0,071216967;-0,179199578;-0,065008751;-0,072343539;-0,074413003;-0,073990293;-0,074648065;-0,382706305;-1,417264212;-0,072385086;-0,07266747;-0,072048498;-0,07496119;-0,074564804;-0,072757875;-0,071184326;-0,054698829;-0,074048737;-0,953127513;-0,073859188;-0,052403974;-0,073461375;-0,065005185;-1,290466364;-0,074636637;0,389183688;-0,073820093;-0,073453733;-1,813026423;-0,073488674;-0,071417685;-0,120137774;-0,074105133;-1,814121616;-0,059034425;-0,074205843
-0,813187371;-0,084535422;-0,107214342;-2,114196857;-0,106699003;-0,674037549;0,012238425;1,058893626;2,052999585;-0,10757464;0,343034613;-0,10578843;-0,704994838;-0,106123361;-0,106489684;-2,2567196;0,38984776;-0,053659516;-0,107334662;-0,075666954;-0,103034581;-0,107008564;-0,104514486;-0,069037011;-0,106824118;-0,053829732;-0,104781539;-0,106712239;0,767139117;-0,1071129;-1,504899326;-0,081916721;1,300974852;-0,611658901;-2,248451695;-0,10607005;-0,106942074;-0,088985591;-0,105635784;-1,669435247;-0,104439774;-0,09631426;-0,106198216;-0,107763884;1,432160072;-1,210176324;-0,048606243;-0,10688655;-0,10599089;-0,105484675;-1,02395996;-0,058346447;-0,185287232;-0,105964283;-0,105259371;0,970456035;-0,10536018;-0,107319207;-0,105233393;-0,105812176;-0,106853311;0,363593279;-1,503000419;-0,10627855;-0,107692586;-0,064129186;0,344837289;-0,111063339;0,173761545;-0,104978671;0,17294284;-1,430479341;-0,083803377;-1,28265449;-1,511174383;-0,107186461;2,46974756;-0,106412318;0,063804585;-0,107448086;-0,106218975;-0,104841298;0,980971626;0,058111153;-0,105480166;-0,104963748;-0,104805596;0,718755836;-0,854259071;1,329643211;-0,104304064;0,25790931;0,581310687;-0,570770701;-0,106375172;-0,368684527;-0,105908334;-1,112828237;-0,10091575;-0,10528189;-0,106108778;-0,106176489;-0,107562697;0,557437556;-0,442562771;-0,104337148;-0,106096873;-0,105897899;-0,107189957;-0,107108938;-0,105070244;-0,105769721;-0,081231107;-0,107632354;0,799660071;-0,106860992;-0,083218129;-0,105935774;-0,091518194;0,423577692;-0,106762732;-0,902034829;-0,105994492;-0,107514004;1,043906593;-0,105659193;-0,105916727;-0,068338346;-0,106577715;0,732247492;-0,088822991;-0,106373888
-0,300837667;-0,047471879;-0,056872757;-0,992271455;-0,056924362;-2,444690165;-0,493348021;-0,931285622;0,547281436;-0,055360692;0,365150063;-0,056058836;-1,723887806;-0,055177201;-0,055443451;0,62403717;-0,417402184;-0,032514766;-0,055888747;-0,042155962;-0,055875097;-0,057399432;-0,055972567;-0,042069122;-0,057038935;-0,03473502;-0,056006579;-0,055411163;0,786934133;-0,056727374;-0,775310565;-0,044357005;-1,959494201;1,534658748;0,513504727;-0,056243301;-0,056671971;-0,049935294;-0,05615519;-1,273900681;-0,054782884;-0,047571799;-0,056358173;-0,056082202;-2,268279689;-2,066367883;-0,029147854;-0,056103122;-0,054542432;-0,055426335;-0,897757095;-0,035437865;-1,828967946;-0,055796327;-0,054119184;-0,829115115;-0,056838417;-0,055971714;-0,055451531;-0,056539325;-0,05604016;0,652043502;-1,303128168;-0,055852593;-0,05642287;-0,041976793;-1,319513382;-0,057297611;-0,295126448;-0,05545654;0,527675579;0,362325527;-0,049894281;1,740871812;1,293973837;-0,056035675;0,679718851;-0,057112605;-0,52160001;-0,056000331;-0,055959321;-0,055160165;0,100066606;0,494473586;-0,056935122;-0,054950977;-0,056486994;1,260498156;-0,303856522;0,569108089;-0,055969271;0,047923163;-1,038609213;1,61933201;-0,056159413;0,343849968;-0,055692871;-1,094988788;-0,055601072;-0,055510704;-0,056485288;-0,054926469;-0,056671271;0,348887429;-1,287491545;-0,055208028;-0,056159733;-0,056299645;-0,056169557;-0,056820471;-0,055772092;-0,054179059;-0,045764329;-0,056663003;0,497710477;-0,057033879;-0,041644005;-0,056086994;-0,051696136;-0,515077752;-0,056861625;-1,089633357;-0,056430994;-0,056709453;1,852918616;-0,055753959;-0,054536894;-0,231514631;-0,057063527;1,113590656;-0,048393328;-0,056422174
-0,205663345;-0,033401282;-0,039312492;-2,796470424;-0,03854168;-2,314175488;-0,698384121;-1,199635259;-2,797325412;-0,04031805;1,094964956;-0,039281819;-1,09139313;-0,039630208;-0,038566417;1,046345074;0,523971996;-0,02376827;-0,039619351;-0,037279346;-0,038845799;-0,040016984;-0,038290091;-0,032632116;-0,040082949;-0,024224294;-0,038263679;-0,038775102;-2,108980691;-0,039908248;2,544154329;-0,034597205;-0,671050722;-1,204320605;-0,410088125;-0,039011285;-0,039773008;-0,037692595;-0,037669486;1,073743487;-0,041073641;-0,033777709;-0,038236473;-0,038818752;1,4658928;1,860458284;-0,023237626;-0,039132776;-0,037469664;-0,038263726;-2,407481881;-0,027509074;0,77097963;-0,039567706;-0,039481446;0,615045745;-0,038115658;-0,038980391;-0,039177698;-0,039322247;-0,038938435;0,960798876;-1,279589792;-0,037580378;-0,039111867;-0,032677115;0,556007557;-0,038210001;0,180879895;-0,038316009;-0,844188783;-0,853493578;-0,037858338;-0,953801515;-0,918310307;-0,038796987;-2,254591558;-0,039894368;-0,424030603;-0,039710215;-0,038306076;-0,037639282;2,680285783;-0,047609772;-0,03988107;-0,039574034;-0,038182168;-1,016683843;1,812355797;-1,429562483;-0,037398406;-0,388537581;1,698419389;-2,661211907;-0,039671712;0,479110587;-0,03865661;0,08639259;-0,039009621;-0,038111194;-0,038895357;-0,039390734;-0,039730391;0,473941582;-1,778006577;-0,038227338;-0,038195651;-0,03918283;-0,038395218;-0,038438909;-0,03829633;-0,03826313;-0,036119326;-0,038464163;-0,270696934;-0,038857648;-0,038751287;-0,039675896;-0,038843519;-1,427889057;-0,039118229;-0,5361902;-0,039709951;-0,038633209;0,321800489;-0,039658322;-0,038438531;-0,117582637;-0,039863693;0,896835542;-0,035502813;-0,038266102
-0,98104808;-0,094872127;-0,129189596;-2,300489314;-0,12932441;1,143121193;-0,296581202;0,539632015;-1,315473965;-0,129181457;-0,44187261;-0,128346686;-1,433430729;-0,129397366;-0,12974919;1,346082397;0,317508993;-0,063677879;-0,129175542;-0,093789027;-0,121545491;-0,130198004;-0,128641764;-0,084010095;-0,129866507;-0,060281755;-0,129302359;-0,129383124;-1,476199226;-0,129117929;1,595080529;-0,096465617;0,508606209;-0,695468668;-1,651633899;-0,128650132;-0,131031437;-0,109692404;-0,128289379;1,529648727;-0,124677485;-0,112977623;-0,129838154;-0,12982746;1,386427114;-1,687076085;-0,054933097;-0,130059548;-0,128311526;-0,128608204;1,691146512;-0,072881806;1,074077158;-0,128688901;-0,129623513;1,545230978;-0,129872408;-0,130763289;-0,129981689;-0,129073904;-0,129196409;-2,459259802;-0,845012816;-0,129174064;-0,130078054;-0,07769259;-1,562204783;-0,129860219;0,132436047;-0,127767033;-0,636926148;-0,610065032;-0,103958786;-0,62772171;1,350017776;-0,128154873;-0,663498934;-0,128800974;-0,335371515;-0,128625131;-0,128922099;-0,128086072;-1,526440324;0,11210617;-0,128556017;-0,127096092;-0,127824878;1,139380782;-1,140463658;1,41036794;-0,127178874;-0,35868352;0,097349027;1,121871494;-0,128658151;-0,784060213;-0,129069085;-1,233419107;-0,117988113;-0,127841108;-0,129801033;-0,128645062;-0,130546851;0,89337699;0,709899864;-0,127547106;-0,128615043;-0,128555619;-0,129791312;-0,12945864;-0,127780051;-0,128586044;-0,09470529;-0,129884932;0,769297243;-0,130097353;-0,095801355;-0,128655537;-0,109975059;1,446131565;-0,129652344;-0,905925264;-0,129177224;-0,130224576;1,21503848;-0,129821124;-0,128769091;-0,150151704;-0,129969387;-1,092557801;-0,111107745;-0,129001959
-0,335436282;-0,065914766;-0,073263006;0,374211404;-0,072723866;-0,142051625;-0,246327503;-1,781681362;0,927139419;-0,073090036;-1,677363119;-0,071877914;-1,065726975;-0,072016387;-0,071397912;0,651973302;-0,589134779;-0,048658021;-0,073742821;-0,060961304;-0,070843123;-0,073113735;-0,072677526;-0,057413612;-0,072895168;-0,047157857;-0,071759693;-0,073050507;-1,169516661;-0,073453078;-1,445096973;-0,065169572;1,216323056;0,028342068;0,384439288;-0,072719494;-0,07374985;-0,070912992;-0,072517729;0,987905446;-0,074977119;-0,074333191;-0,07414571;-0,072933879;1,181216695;0,234568886;-0,043036654;-0,073682353;-0,071631899;-0,071947487;-1,232671236;-0,049734307;-0,016651979;-0,073964351;-0,072750632;-1,108198292;-0,073590329;-0,072885242;-0,071905396;-0,07411678;-0,071997729;-0,0038297;1,418899748;-0,071546233;-0,074143492;-0,055393577;-1,911465533;-0,07174038;0,097303673;-0,07190057;0,578466557;0,124241151;-0,064657992;1,199221091;-1,277800369;-0,072518972;-1,051757499;-0,074083452;-0,232761301;-0,073108966;-0,073791011;-0,071728165;0,471855704;0,157837938;-0,073866139;-0,070954282;-0,071939235;-1,517580547;1,06011789;-0,401982325;-0,071586435;0,089257496;-1,570023419;-1,599252858;-0,073651269;1,867614625;-0,073762995;0,541678956;-0,073813842;-0,072552251;-0,073313923;-0,072911386;-0,072830689;0,782489137;-0,800586726;-0,072437954;-0,073184164;-0,072522176;-0,074201222;-0,07312444;-0,071190469;-0,07145058;-0,062690486;-0,074166353;-1,332473125;-0,07326208;-0,063707208;-0,073049918;-0,067026931;1,679239155;-0,073530598;-0,391839278;-0,074020103;-0,072679474;-1,600491186;-0,073149015;-0,072723177;-0,234498565;-0,07369535;-0,852611002;-0,069657193;-0,073740665
-0,928253849;-0,099421611;-0,130136854;0,301053759;-0,130114894;-0,86783844;-0,169951867;-0,203258527;-2,099765567;-0,131239605;-0,938960853;-0,129358027;0,94913187;-0,13082856;-0,129976643;1,931723128;-0,365973306;-0,064432549;-0,131201443;-0,094607441;-0,124761786;-0,130081671;-0,129914432;-0,091759305;-0,130163651;-0,068169005;-0,128510055;-0,129248515;0,6273792;-0,129946135;1,703351703;-0,098424277;0,889296445;-1,170675021;0,803064181;-0,129516921;-0,130645226;-0,110675528;-0,129010112;-2,41167262;-0,128639761;-0,112397938;-0,130254096;-0,130732027;0,485074529;-2,12949551;-0,056888915;-0,131765528;-0,130915968;-0,129213599;1,374567196;-0,077675604;-0,301104058;-0,130085372;-0,131190363;0,363156043;-0,13059049;-0,130511101;-0,131033147;-0,130098605;-0,129638576;1,014374019;1,765808499;-0,129906685;-0,131055693;-0,086763615;-1,260017857;-0,131350453;0,032420477;-0,129572238;-1,011307029;-0,174375205;-0,10617224;1,528815323;0,333340807;-0,129160421;-1,464109253;-0,130410456;-0,394942578;-0,130197806;-0,129732012;-0,130261999;-0,792840772;0,426994748;-0,130350972;-0,128246451;-0,129586854;0,970657266;1,80348542;-2,212189945;-0,129995291;-0,466803916;1,824133146;-1,712213009;-0,131090034;-0,926570445;-0,128367852;0,553059184;-0,122607448;-0,130724318;-0,130305909;-0,130459112;-0,130628659;-0,123808805;0,183071958;-0,129503564;-0,129966557;-0,13048768;-0,130704004;-0,130908463;-0,129797175;-0,129702555;-0,103849253;-0,13081299;-0,031900019;-0,131250104;-0,099506407;-0,13064173;-0,114647589;1,430172644;-0,130738078;2,150486663;-0,131262609;-0,13135844;0,17421862;-0,130285647;-0,129461273;-0,137209374;-0,130660933;-1,067351977;-0,109819148;-0,130826527
-1,139913931;-0,143481735;-0,184581231;0,831510702;-0,183408436;-0,263484492;-0,271122312;2,981072498;1,507362052;-0,184271841;0,192402001;-0,182456745;-0,780580499;-0,183088386;-0,181997243;-0,083640166;0,071761559;-0,094134579;-0,184472202;-0,138836653;-0,174956621;-0,18348348;-0,181948658;-0,12727133;-0,182791391;-0,094164462;-0,183123088;-0,183100197;0,555353801;-0,184105547;-1,321474343;-0,146000274;1,480218635;-0,712820691;1,426643369;-0,18455477;-0,183899116;-0,161074823;-0,182737866;0,605808352;-0,182784995;-0,165785069;-0,184442233;-0,182950427;0,793808796;1,604545668;-0,085329505;-0,183776096;-0,182431225;-0,182740771;1,985242075;-0,10707699;0,276571196;-0,183995699;-0,182896284;1,589561282;-0,183700036;-0,184820769;-0,184417404;-0,183714007;-0,182803444;-0,726943618;1,63559481;-0,182930466;-0,183850896;-0,119289564;-1,375344017;-0,18624988;0,125549421;-0,182157148;1,373846478;0,130423391;-0,152964895;-1,417151973;-1,341978695;-0,182507622;-2,318339598;-0,184881718;-0,066841241;-0,183777071;-0,183294171;-0,183023204;0,487329841;0,442005475;-0,184183125;-0,181481909;-0,182698231;1,117770237;-0,273169551;-2,428957678;-0,18293794;-0,193242832;0,985188008;-1,693687306;-0,182839298;-0,825921521;-0,183964806;-0,816122058;-0,175779648;-0,182454219;-0,183856367;-0,182670341;-0,183298257;0,743150337;-0,512892969;-0,182877439;-0,183494074;-0,184361431;-0,183204358;-0,184538958;-0,182087412;-0,182404012;-0,142938882;-0,184185459;-1,136594734;-0,184112756;-0,139019069;-0,184168669;-0,161963021;0,746580571;-0,183076988;-0,825078996;-0,183363005;-0,18480625;1,666491778;-0,184193986;-0,183100395;-0,238439656;-0,18366826;0,91197966;-0,158580118;-0,18404059
-0,332262961;-0,050797438;-0,061522126;-2,873019022;-0,060935641;0,92561635;-0,932466054;-0,13347645;-1,980584441;-0,062149563;-0,264991294;-0,062031639;1,587229857;-0,060617645;-0,060358508;0,749784412;-0,004698215;-0,036405903;-0,06074601;-0,043472742;-0,060897339;-0,061886711;-0,060525941;-0,044844245;-0,062803586;-0,03517711;-0,060358803;-0,06000711;0,40609969;-0,061880812;-1,28529266;-0,048074337;0,944285526;0,800426707;-0,857608045;-0,062694969;-0,061369805;-0,054160793;-0,061664892;0,359594838;-0,060688555;-0,053995397;-0,061525051;-0,06238488;-1,168118377;-1,450332113;-0,031309874;-0,060864879;-0,05946734;-0,061248166;0,978622743;-0,035645178;-0,860107832;-0,061664769;-0,061603827;-1,609181456;-0,061068181;-0,062881711;-0,061007829;-0,061174703;-0,061980382;0,251228659;-3,579546681;-0,061887681;-0,062506338;-0,040396604;2,380005558;-0,060702695;-0,282043216;-0,061379513;2,558055504;-0,364843079;-0,052947846;-2,076262328;1,325875523;-0,061500327;-0,650737329;-0,060958355;-0,502261922;-0,061838425;-0,061385881;-0,061222366;-0,910438488;0,045098741;-0,061656073;-0,060094874;-0,061705223;-1,569279464;-0,752864796;0,321621248;-0,060508574;0,011481884;0,168221206;0,414608121;-0,061449966;-0,180630008;-0,062301685;0,561296352;-0,057972874;-0,061689718;-0,06283626;-0,061640014;-0,061094014;-1,069929323;1,908066818;-0,059382149;-0,06155144;-0,060565368;-0,061537953;-0,06241455;-0,061355434;-0,060119866;-0,046496494;-0,062138957;-1,287223846;-0,062696551;-0,047686185;-0,06184028;-0,052652685;-1,138431756;-0,062261075;-0,75010217;-0,062474874;-0,061948541;0,512174777;-0,061418925;-0,059546999;-0,250792265;-0,061191193;0,559817702;-0,054786839;-0,061489793
-0,414611903;-0,041345969;-0,045931484;0,29443608;-0,045448812;-1,810779564;-0,161678483;1,640640737;-0,651733214;-0,04727536;-1,005528745;-0,045946455;1,607637966;-0,044708632;-0,045727638;3,027741431;-0,495822968;-0,028551243;-0,045672184;-0,035453233;-0,044738784;-0,045536731;-0,046473336;-0,036566426;-0,045116406;-0,028258415;-0,045738242;-0,04467257;0,686225064;-0,046280726;-0,161316181;-0,033748709;-2,040005087;-1,236112689;-1,995112719;-0,045263918;-0,046789222;-0,042949772;-0,04607815;0,584140852;-0,045963916;-0,042412535;-0,046970816;-0,04632445;-1,639660797;-1,582889959;-0,026794641;-0,046150196;-0,044951054;-0,044707578;-0,443505301;-0,028224778;1,166557181;-0,045803334;-0,043779818;0,340398851;-0,046050139;-0,045485281;-0,044874883;-0,046384138;-0,045703287;-2,170879024;-0,878335992;-0,046617342;-0,045660192;-0,033057542;1,911459436;-0,046734786;-0,355498332;-0,04440907;0,159570393;0,414301353;-0,040301964;1,487004499;-2,58446868;-0,045788439;0,893425098;-0,046506359;-0,545472547;-0,04623047;-0,045062279;-0,044862705;-0,150611759;-0,042999403;-0,046739101;-0,046318125;-0,04431557;-1,685839229;0,842764367;0,425219883;-0,044440256;0,191522135;-1,202749699;-0,409061704;-0,044960153;0,265970333;-0,043844872;0,531326244;-0,04089062;-0,045678992;-0,047069203;-0,044642742;-0,046427142;0,701173258;-2,012972302;-0,044693367;-0,044976071;-0,044457266;-0,045817344;-0,046387106;-0,044541136;-0,044695008;-0,035597564;-0,045346747;0,420345823;-0,046639528;-0,036759422;-0,045061757;-0,039847767;-0,625187413;-0,047247402;0,321441054;-0,046034862;-0,045414832;-2,06327057;-0,046085706;-0,045178264;-0,084414164;-0,046367271;0,310216721;-0,040422392;-0,045888541
-0,648767577;-0,039600837;-0,055903127;2,396755253;-0,054765811;-1,346599745;-0,699517684;3,130185918;1,008043905;-0,056062061;0,605825975;-0,05576531;0,139887282;-0,056058515;-0,054731275;1,36803579;-0,348559029;-0,023327772;-0,056562739;-0,038686642;-0,04991643;-0,055891805;-0,055926602;-0,033905563;-0,056210028;-0,023361245;-0,054324319;-0,055670551;1,55913805;-0,055488898;2,211141776;-0,039622203;-0,114020216;-0,768166584;0,441093636;-0,056620258;-0,055624209;-0,045058386;-0,054595407;-0,082594569;-0,053405329;-0,044129131;-0,055425338;-0,055622314;2,598448684;0,127966534;-0,023642545;-0,055875859;-0,055366191;-0,055844628;-0,650701459;-0,027777797;-2,226110414;-0,055967631;-0,055100258;-2,970732148;-0,054992005;-0,056683007;-0,05593912;-0,05687293;-0,054881532;-1,277463923;-1,564347382;-0,055652438;-0,055381552;-0,030754426;-0,606516765;-0,05348496;0,229800115;-0,054286597;-0,806731796;-0,824467666;-0,039424003;-1,618639172;-0,189848092;-0,054637711;0,677343089;-0,055502846;-0,664693164;-0,05644549;-0,056574637;-0,055451918;-1,556446623;-0,476349798;-0,055144429;-0,05474403;-0,054689431;2,14546464;-1,294694294;-1,246147104;-0,054079111;0,188628857;0,053329572;-1,515719172;-0,056196243;1,735295084;-0,056089008;-1,315737794;-0,047868824;-0,055205864;-0,055920987;-0,055035855;-0,055584715;-0,757323283;-0,395626107;-0,055563586;-0,054927619;-0,055128645;-0,055089237;-0,0558409;-0,055107457;-0,05447713;-0,036346867;-0,05712234;0,393188661;-0,056450016;-0,036558071;-0,054807893;-0,044751336;0,274101268;-0,055791011;-1,982610943;-0,056191106;-0,056211397;-0,9192976;-0,056004798;-0,055277609;-0,100779903;-0,056454423;-1,985692874;-0,041618219;-0,055845143
-0,967680936;-0,111554323;-0,150393795;2,975506959;-0,148171951;0,905223679;0,083565868;-1,91951813;-0,481910094;-0,149541925;-0,540379712;-0,148911433;-0,491517221;-0,149556532;-0,149298013;-0,697442826;0,07514704;-0,072919253;-0,149648831;-0,110168087;-0,142549666;-0,149549007;-0,149405338;-0,098057587;-0,150496556;-0,071961572;-0,148898695;-0,148929398;0,611243756;-0,149387892;1,532078134;-0,114239271;1,130250695;2,619755923;0,225239274;-0,149155273;-0,150438564;-0,12999043;-0,149007563;-1,586814804;-0,147028913;-0,133198083;-0,14983857;-0,149604517;0,661731627;0,942193929;-0,066798112;-0,149309092;-0,149582478;-0,148256321;-1,250799392;-0,083691886;-0,013172736;-0,149952667;-0,150042776;1,79708517;-0,148466549;-0,149688088;-0,149622468;-0,149877942;-0,150018737;1,601949681;-2,028039138;-0,14916084;-0,150150186;-0,089746241;0,011649237;-0,153019557;0,262602218;-0,149151521;0,928688071;-0,919167747;-0,125406913;-0,648697505;-0,020128375;-0,149791528;-2,130744234;-0,150042947;-0,219423244;-0,149990107;-0,149804298;-0,14990105;0,884659325;-0,323951098;-0,148853281;-0,146869376;-0,148261497;0,977827133;-0,733199229;1,450933451;-0,147611905;-0,329709921;0,623524468;2,441600963;-0,148438078;-1,21698316;-0,147860999;-1,339687153;-0,14341996;-0,149298593;-0,150545451;-0,150158767;-0,15033372;0,161544084;-0,465133922;-0,148086469;-0,148809036;-0,148835875;-0,149985701;-0,149298821;-0,148737893;-0,148379693;-0,11681105;-0,150572038;1,282597979;-0,149250051;-0,114840372;-0,148924368;-0,131598445;1,22507265;-0,150745863;-1,880547406;-0,150465045;-0,150348461;-1,731388324;-0,149801509;-0,149144822;-0,122162408;-0,149388121;-1,385912847;-0,131511157;-0,149588612
-0,665926204;-0,08495442;-0,105597544;1,665433995;-0,106134379;-1,451586285;-0,283033617;1,867393467;-1,236834075;-0,106585955;-0,591098706;-0,104661673;-0,867474345;-0,104408066;-0,104705576;1,801820303;0,322851768;-0,054631774;-0,105920475;-0,079704381;-0,102599911;-0,105809808;-0,105598934;-0,073567659;-0,10509292;-0,053296345;-0,105404889;-0,106041034;0,339245076;-0,106274867;-2,256366525;-0,084856169;-0,957838713;-0,087887113;-1,17827855;-0,104272793;-0,10560542;-0,094336369;-0,104392422;1,654308977;-0,104098912;-0,094634062;-0,106056557;-0,10537487;-3,179288834;-1,668569908;-0,049220069;-0,105707337;-0,104752692;-0,105663315;-0,308610976;-0,063062141;0,837639373;-0,105953672;-0,104321705;2,011282282;-0,105365955;-0,105609775;-0,104108822;-0,105828123;-0,105330038;1,169686023;-0,795562446;-0,105746019;-0,105753154;-0,065570136;-1,2240923;-0,105363457;0,056812782;-0,104320302;0,202033032;-0,081215911;-0,088467078;-1,457848392;-0,627618776;-0,106243057;-1,033787284;-0,106546039;-1,078018923;-0,104535445;-0,105504246;-0,103998315;1,229762684;-0,738598642;-0,105739015;-0,104652633;-0,104368685;2,141269943;-1,368305314;0,881847299;-0,105179388;-0,178713646;1,817767338;-1,201351048;-0,105109233;-0,416273662;-0,104787958;0,818524154;-0,098792245;-0,105169099;-0,106021298;-0,105957152;-0,10547573;-1,275917588;1,071634056;-0,105345423;-0,104391877;-0,10373935;-0,105788258;-0,105031893;-0,105631423;-0,105651024;-0,077676717;-0,106092764;0,478634764;-0,105995163;-0,081862435;-0,104539129;-0,093778654;-0,770905156;-0,105582514;-0,055998612;-0,104813028;-0,10617084;0,522307217;-0,104458338;-0,105751016;-0,208916589;-0,104712545;0,268366429;-0,095296772;-0,104601847
-0,351412996;-0,0358098;-0,040830348;1,559683099;-0,040345269;0,595034982;-0,435590339;-2,817819475;-0,719017697;-0,040098211;0,778898738;-0,039799176;-2,084719998;-0,04009723;-0,038984334;0,999544567;-0,39326175;-0,023112348;-0,041072071;-0,032661892;-0,038903286;-0,041135209;-0,039353656;-0,03222528;-0,040351343;-0,025625197;-0,0392372;-0,039353363;1,360310568;-0,04031331;-0,090707784;-0,033135909;0,397037448;-1,297350723;-2,078358822;-0,039688286;-0,039783791;-0,037930212;-0,040064493;0,167172389;-0,040384239;-0,036862783;-0,040851187;-0,041240146;-2,205103295;0,734398084;-0,020693127;-0,039631448;-0,039472923;-0,038755283;-0,073561941;-0,024376688;-0,631725001;-0,041298265;-0,040237064;-1,314818162;-0,040297562;-0,040119697;-0,040674965;-0,041331118;-0,039541041;0,237622237;-0,549021195;-0,040384587;-0,040350223;-0,028169682;-0,565484078;-0,038065429;-0,255182661;-0,039500446;-1,480075859;0,078867476;-0,034448246;-2,051346289;1,861031687;-0,041165247;0,073234689;-0,03959388;-0,883338458;-0,041242453;-0,040613873;-0,039746473;-0,43794135;-0,810942654;-0,040026414;-0,039719116;-0,039807963;-3,069757347;-0,856495063;-0,570565463;-0,039572348;0,326929323;-1,261144675;-1,616715935;-0,041214276;1,335007062;-0,040580808;0,680284457;-0,033960018;-0,039571932;-0,041070961;-0,040704016;-0,039800435;-0,112673866;-1,509008668;-0,039864183;-0,040412366;-0,039468259;-0,040532148;-0,040928178;-0,03882492;-0,039656562;-0,030855055;-0,040163984;1,911455603;-0,040918641;-0,033627307;-0,039905495;-0,034494249;0,005413177;-0,041783348;1,66147607;-0,040276026;-0,041035988;2,290298886;-0,040186716;-0,0387652;-0,090967994;-0,040459133;-1,666144729;-0,035347455;-0,039856219
-0,871402944;-0,111703256;-0,134435742;0,492104686;-0,133969061;0,403457722;0,056806484;-2,735839168;-1,710766447;-0,13425858;1,334857681;-0,132080557;-2,537762347;-0,133130468;-0,132857878;-1,111765709;-0,591794973;-0,067913036;-0,134757121;-0,101276192;-0,13180504;-0,134882665;-0,133060528;-0,093113851;-0,132982952;-0,070376231;-0,132266013;-0,131976613;0,29075487;-0,133777825;-0,524917684;-0,103385908;-0,730276634;-1,243293895;0,741839679;-0,13407507;-0,135092235;-0,115543209;-0,132658049;-0,953590612;-0,130457329;-0,1160734;-0,134499344;-0,134470138;-0,850066673;0,939867225;-0,060501471;-0,134243955;-0,132109785;-0,132955948;-1,097851813;-0,07516978;1,123991996;-0,133522614;-0,131776633;2,390451219;-0,134208789;-0,133227609;-0,133492461;-0,134248945;-0,133859049;0,031299693;1,287378412;-0,133908025;-0,133477593;-0,084348782;0,018014148;-0,133076877;-0,883037209;-0,134333289;0,2748599;0,140642509;-0,109138603;0,931163457;-2,310921233;-0,132784879;2,622155153;-0,134380376;0,199988914;-0,133625054;-0,133546708;-0,133416823;0,68569215;-0,510365286;-0,134058332;-0,131693006;-0,133770078;1,364308659;1,15896667;-1,192108596;-0,132789683;0,128871364;-1,273132456;-0,268248757;-0,13437555;-0,041346002;-0,132063894;0,444323842;-0,125163253;-0,133740014;-0,134713612;-0,13268001;-0,134927279;-0,747853801;0,74423773;-0,133468446;-0,13368371;-0,133752214;-0,135412013;-0,134264712;-0,133568763;-0,134571701;-0,10268304;-0,134336216;1,536240767;-0,133514568;-0,101205238;-0,133717359;-0,115713009;-0,769989977;-0,133403993;-1,18975801;-0,134195995;-0,133888641;0,815006984;-0,133204755;-0,133296458;-0,052107613;-0,135116554;0,289986533;-0,111381637;-0,133792331